passenger_count,trip_distance,pickup_longitude,pickup_latitude,dropoff_longitude,dropoff_latitude,fare_amount,extra,mta_tax,tip_amount,tolls_amount,improvement_surcharge,total_amount,payment_type,tpep_pickup_datetime
2,0.24,-73.98423,40.77653,-74.03182,40.77868,3.31,1.0,0.5,0.51,3.79,0.0,9.11,4,2016-02-13 16:52:25.153366428
3,0.99,-74.00779,40.72626,-74.02855,40.73459,3.83,1.0,0.5,0.59,0.5,0.0,6.43,4,2016-02-12 10:27:18.811611785
3,0.13,-73.81573,40.73138,-73.83357,40.71948,3.27,2.0,0.5,0.48,0.5,0.0,6.75,2,2016-02-12 04:42:49.491684541
3,1.58,-73.75785,40.65225,-73.70383,40.6316,6.22,0.0,0.5,0.12,0.5,0.0,7.34,1,2016-01-28 16:22:01.544071899
1,0.34,-73.81156,40.65224,-73.87713,40.69658,2.63,1.0,0.5,0.48,0.5,0.0,5.11,5,2016-02-20 07:59:57.431928353
1,4.03,-73.8822,40.69519,-73.89275,40.65118,10.84,1.0,0.5,1.05,0.5,0.0,13.89,5,2016-03-17 18:31:05.412746326
3,3.02,-73.99619,40.72575,-74.04755,40.85,8.47,0.0,0.5,0.97,0.5,0.0,10.44,2,2016-03-22 17:53:51.926487997
2,0.1,-73.94362,40.74292,-73.88088,40.79316,2.56,0.5,0.5,0.1,0.5,0.3,4.46,5,2016-01-16 09:08:27.088038942
1,1.37,-73.80302,40.65314,-73.84344,40.66819,4.88,2.0,0.5,0.73,0.5,0.0,8.61,2,2016-03-02 01:39:58.227231232
2,0.65,-73.93755,40.65827,-73.9802,40.66831,4.3,1.0,0.5,0.37,0.5,0.0,6.67,4,2016-02-29 21:59:12.661240569
3,0.98,-73.80972,40.65798,-73.81976,40.67539,4.24,0.0,0.5,0.29,0.5,0.0,5.53,4,2016-03-26 18:51:50.338424375
1,3.33,-73.91646,40.76446,-73.91289,40.7008,8.83,0.5,0.5,1.07,4.12,0.0,15.01,2,2016-01-23 23:50:35.788501633
3,0.1,-73.75601,40.63516,-73.72179,40.60417,2.59,0.5,0.5,0.1,0.5,0.0,4.19,2,2016-01-22 22:37:43.960377455
2,9.1,-73.81477,40.65227,-73.81661,40.65058,20.63,0.0,0.5,3.59,0.5,0.0,25.22,2,2016-02-09 22:23:12.892668973
2,1.03,-73.82154,40.63665,-73.75825,40.6912,4.92,0.0,0.5,0.37,0.5,0.0,6.28,5,2016-01-08 01:04:07.347987686
3,0.98,-73.93883,40.72111,-73.98585,40.72184,4.02,0.0,0.5,0.49,0.5,0.0,5.51,3,2016-03-18 10:48:41.553168727
2,0.38,-73.99655,40.75355,-74.00502,40.75375,3.67,1.0,0.5,0.73,0.5,0.3,6.71,1,2016-02-19 01:17:13.807145487
3,3.29,-73.91108,40.64013,-73.93323,40.73613,8.63,1.0,0.5,0.73,0.5,0.0,11.37,5,2016-02-06 05:48:02.672979224
1,0.26,-73.9603,40.76182,-73.93203,40.77128,3.49,0.0,0.5,0.42,0.5,0.0,4.91,5,2016-03-22 15:55:47.306335129
1,1.35,-73.76359,40.65526,-73.789,40.64418,5.22,0.5,0.5,0.35,2.07,0.0,8.63,2,2016-03-08 03:45:17.006420658
1,3.64,-73.79805,40.63814,-73.78519,40.60629,10.55,1.0,0.5,1.54,0.5,0.0,14.09,4,2016-03-29 06:58:50.968269727
3,0.36,-73.78978,40.65279,-73.76567,40.68049,3.2,2.0,0.5,0.4,0.5,0.0,6.6,1,2016-02-22 17:13:58.456528016
2,0.1,-74.00882,40.77376,-74.04008,40.87459,2.65,0.5,0.5,0.41,0.5,0.0,4.56,5,2016-01-12 07:18:04.777086226
2,1.13,-73.97507,40.78235,-73.8699,40.76193,4.91,1.0,0.5,0.66,0.5,0.0,7.57,5,2016-01-04 19:47:00.171505402
2,5.04,-73.99098,40.5739,-73.97779,40.57324,13.18,0.0,0.5,0.26,0.5,0.0,14.44,3,2016-03-22 15:29:44.908956103
3,0.19,-73.89322,40.66529,-73.83072,40.72184,2.71,0.0,0.5,0.35,0.5,0.0,4.06,5,2016-01-17 02:53:14.375143136
3,1.22,-73.96218,40.7681,-73.97436,40.80821,4.9,1.0,0.5,0.27,0.5,0.0,7.17,3,2016-02-08 16:18:46.727673213
1,0.45,-73.97269,40.75215,-73.97328,40.78028,3.52,0.5,0.5,0.1,4.24,0.0,8.86,2,2016-01-24 08:35:13.611786546
1,2.65,-73.78414,40.64994,-73.73295,40.62528,7.88,1.0,0.5,1.35,0.5,0.0,11.23,5,2016-02-06 10:06:50.852851651
2,0.18,-73.95723,40.71177,-73.98451,40.72274,3.06,0.0,0.5,0.1,0.5,0.3,4.46,3,2016-02-28 16:58:01.079578692
2,5.14,-73.99202,40.79401,-74.02826,40.76562,12.09,0.0,0.5,0.24,0.5,0.0,13.33,2,2016-01-27 15:50:25.379425487
3,0.42,-73.9868,40.76024,-73.96852,40.75685,3.54,0.5,0.5,0.4,0.5,0.0,5.44,5,2016-01-30 22:58:15.447190731
1,3.39,-73.77148,40.63331,-73.73495,40.71236,9.11,0.0,0.5,1.29,0.5,0.0,11.4,3,2016-02-07 17:28:16.148454431
3,3.62,-73.87073,40.67693,-73.81267,40.71489,9.39,2.0,0.5,1.5,0.5,0.0,13.9,5,2016-03-08 11:57:34.088057555
2,7.07,-73.80326,40.63442,-73.79119,40.64131,16.79,0.0,0.5,1.13,0.5,0.0,18.92,4,2016-02-19 06:08:57.405247126
3,0.99,-73.98451,40.72615,-73.99292,40.75658,4.89,0.0,0.5,0.83,0.5,0.0,6.72,1,2016-03-06 20:10:42.599571182
1,1.45,-73.97496,40.74821,-73.98965,40.81477,4.54,2.0,0.5,0.24,2.94,0.0,10.22,3,2016-02-03 15:45:57.178474387
1,2.71,-73.97443,40.72838,-74.03524,40.8336,8.7,1.0,0.5,1.48,3.66,0.3,15.64,2,2016-02-25 02:24:11.182108253
3,1.26,-73.78093,40.63877,-73.80421,40.69644,5.01,2.0,0.5,0.1,0.5,0.0,8.11,5,2016-03-08 15:32:42.161481358
3,0.85,-73.80091,40.59029,-73.74352,40.63391,4.58,2.0,0.5,0.32,0.5,0.0,7.91,2,2016-03-09 12:45:51.696426398
3,3.09,-73.99885,40.73714,-74.01745,40.72442,8.55,0.5,0.5,1.04,0.5,0.0,11.09,1,2016-02-12 05:03:05.532421622
3,0.1,-73.81953,40.63426,-73.83652,40.63824,2.84,1.0,0.5,0.31,0.5,0.0,5.15,3,2016-02-12 00:28:43.129554933
2,0.19,-73.77521,40.65103,-73.79343,40.62074,2.62,0.0,0.5,0.34,0.5,0.0,3.96,5,2016-02-20 14:23:18.143702216
3,1.49,-73.89889,40.68909,-73.80705,40.67482,5.49,1.0,0.5,0.11,4.19,0.0,11.29,2,2016-01-28 06:33:16.088539574
3,3.46,-73.98378,40.71331,-73.95663,40.72558,9.32,0.5,0.5,1.27,0.5,0.0,12.09,3,2016-01-18 17:16:55.593494050
3,0.34,-73.81281,40.6302,-73.82306,40.67624,3.37,0.0,0.5,0.2,0.5,0.0,4.57,5,2016-02-04 13:48:33.337166496
3,0.15,-73.96867,40.73392,-74.00388,40.6896,3.27,0.0,0.5,0.34,2.21,0.0,6.32,3,2016-02-20 04:59:39.330071135
1,2.73,-73.99728,40.72279,-73.94802,40.67529,7.35,2.0,0.5,0.61,0.5,0.0,10.96,2,2016-02-08 10:32:52.942466847
3,1.42,-73.76537,40.63777,-73.73499,40.66465,5.68,1.0,0.5,0.11,0.5,0.3,8.09,3,2016-01-11 23:03:45.501466541
2,0.23,-73.75596,40.65909,-73.73845,40.62458,2.79,1.0,0.5,0.1,2.63,0.0,7.01,1,2016-03-25 06:52:20.868926298
2,3.4,-74.00347,40.74229,-74.01724,40.73126,8.9,0.0,0.5,1.1,0.5,0.0,11.0,4,2016-01-08 09:37:08.414282558
3,2.74,-73.97895,40.77462,-73.96287,40.7934,7.4,1.0,0.5,0.15,0.5,0.0,9.55,5,2016-02-14 05:21:34.344749496
3,1.96,-73.77122,40.65353,-73.83712,40.55904,6.5,0.5,0.5,0.7,0.5,0.3,9.0,5,2016-01-26 13:39:07.314096629
2,0.1,-73.88734,40.661,-73.8959,40.68581,3.22,0.5,0.5,0.2,0.5,0.0,4.92,2,2016-02-20 15:07:00.302995953
3,1.22,-73.99754,40.78743,-73.97069,40.79936,5.37,2.0,0.5,0.51,0.5,0.0,8.88,1,2016-01-20 21:04:45.800712658
1,0.24,-73.80362,40.63453,-73.82932,40.65606,2.92,0.5,0.5,0.56,0.5,0.0,4.98,5,2016-01-22 12:55:09.332082975
3,0.21,-73.92408,40.57694,-73.92595,40.57504,2.18,2.0,0.5,0.1,0.5,0.0,5.28,1,2016-01-10 17:26:38.157824108
1,1.07,-73.95389,40.69898,-73.90165,40.76303,4.38,0.5,0.5,0.74,0.5,0.0,6.62,4,2016-02-25 06:22:19.503992778
1,0.17,-73.95039,40.69368,-74.01455,40.58846,3.17,0.5,0.5,0.1,0.5,0.0,4.77,4,2016-01-23 04:04:13.008355790
3,0.93,-73.99999,40.75799,-73.97871,40.71065,4.78,0.0,0.5,0.1,0.5,0.0,5.88,3,2016-01-13 10:56:33.776613157
1,1.76,-73.75478,40.64122,-73.75029,40.65345,5.98,0.5,0.5,0.12,0.5,0.0,7.6,2,2016-01-18 03:01:15.334188318
3,0.95,-74.00644,40.79036,-73.99242,40.81553,4.16,1.0,0.5,0.78,0.5,0.0,6.94,4,2016-03-10 12:44:15.424016112
1,0.92,-73.98543,40.58466,-74.0159,40.58108,3.89,1.0,0.5,0.1,3.5,0.0,8.99,5,2016-01-29 09:10:35.641905671
2,0.69,-73.99633,40.75783,-73.97961,40.71867,3.14,1.0,0.5,0.3,0.5,0.0,5.44,1,2016-01-17 10:20:01.446453856
1,2.25,-73.98683,40.75391,-74.02247,40.82567,7.22,1.0,0.5,0.93,0.5,0.0,10.15,5,2016-03-29 16:21:35.016095258
1,0.75,-73.82131,40.57222,-73.90973,40.54693,4.53,0.0,0.5,0.75,0.5,0.0,6.28,3,2016-01-18 20:26:02.233082718
1,2.45,-73.97545,40.78695,-73.96916,40.78997,7.7,1.0,0.5,0.43,0.5,0.0,10.13,1,2016-03-05 06:06:02.229908574
2,2.37,-73.97512,40.58759,-73.97247,40.5978,7.88,1.0,0.5,0.16,0.5,0.3,10.33,2,2016-03-30 10:38:34.184500233
2,1.16,-73.84541,40.6636,-73.87566,40.7472,4.87,0.0,0.5,0.34,0.5,0.0,6.21,1,2016-01-26 09:46:17.722962760
1,0.27,-73.98262,40.78615,-74.01548,40.83919,2.75,0.0,0.5,0.38,0.5,0.0,4.13,5,2016-01-03 17:03:10.665033677
3,1.74,-74.01196,40.5714,-74.06838,40.55034,5.47,0.0,0.5,0.11,0.5,0.0,6.58,2,2016-03-18 01:01:09.398756498
3,2.84,-73.9534,40.62967,-73.94081,40.68305,8.42,0.0,0.5,0.17,0.5,0.0,9.59,2,2016-01-22 12:53:01.977619727
1,1.86,-74.00636,40.78256,-74.03119,40.77921,6.42,1.0,0.5,0.4,0.5,0.0,8.82,3,2016-01-27 03:27:32.901939303
3,1.13,-73.98933,40.73431,-73.99194,40.76585,4.77,0.5,0.5,0.35,0.5,0.0,6.62,3,2016-01-25 11:43:06.894503304
1,2.67,-74.04378,40.62564,-74.06254,40.58828,7.7,0.0,0.5,0.62,0.5,0.0,9.31,5,2016-03-11 17:23:58.064887977
3,0.3,-73.75661,40.64445,-73.78782,40.55525,3.02,0.0,0.5,0.55,0.5,0.3,4.87,1,2016-02-07 06:40:23.998018068
1,0.12,-73.99808,40.73725,-74.0349,40.65002,3.0,0.0,0.5,0.1,0.5,0.0,4.1,3,2016-03-20 23:58:38.513562631
3,3.53,-73.77774,40.6415,-73.73432,40.64981,9.92,0.0,0.5,0.56,0.5,0.0,11.48,1,2016-01-04 02:13:45.663965127
2,0.1,-74.00637,40.75476,-74.00052,40.79299,2.91,2.0,0.5,0.51,0.5,0.0,6.42,4,2016-02-15 06:38:15.940037931
1,0.83,-73.77393,40.63087,-73.80466,40.61231,4.45,0.0,0.5,0.1,0.5,0.0,5.55,1,2016-02-26 21:07:56.708134475
2,1.58,-74.00004,40.78992,-74.03099,40.79729,5.52,0.0,0.5,0.36,0.5,0.0,6.88,3,2016-02-16 12:33:15.193992020
2,3.99,-73.81596,40.66774,-73.88504,40.73319,10.39,0.0,0.5,0.66,0.5,0.0,12.04,5,2016-03-04 21:08:38.597001818
3,2.79,-73.91,40.59003,-73.88627,40.59986,7.66,2.0,0.5,1.1,0.5,0.0,11.76,2,2016-03-18 14:01:10.900744920
1,0.76,-74.04603,40.69656,-74.04939,40.66977,4.17,0.0,0.5,0.81,0.5,0.0,5.98,4,2016-01-04 02:10:18.842539272
2,1.0,-73.8193,40.643,-73.82537,40.56244,4.75,0.0,0.5,0.32,0.5,0.0,6.07,1,2016-01-03 10:21:46.334071950
3,0.26,-73.81484,40.6459,-73.88409,40.64138,2.78,1.0,0.5,0.22,3.73,0.3,8.53,5,2016-01-09 02:59:44.293784633
2,2.43,-73.99714,40.77628,-73.98574,40.7821,7.56,0.0,0.5,0.63,4.12,0.0,12.81,3,2016-02-06 02:15:19.399315603
2,1.31,-73.80495,40.66802,-73.81071,40.67668,5.59,0.5,0.5,0.94,0.5,0.0,8.03,4,2016-03-07 22:03:35.058533786
2,1.35,-73.96861,40.77965,-73.99594,40.67821,5.2,0.0,0.5,0.86,0.5,0.0,7.06,4,2016-01-01 03:40:22.156743331
3,2.39,-73.77989,40.63225,-73.74892,40.62216,7.27,0.5,0.5,1.37,0.5,0.0,10.14,5,2016-03-15 00:53:50.357487305
1,1.13,-73.78996,40.6305,-73.78464,40.66287,4.55,0.5,0.5,0.1,0.5,0.0,6.15,1,2016-02-28 08:02:20.149761711
3,1.05,-73.81336,40.64336,-73.85969,40.61546,4.8,0.0,0.5,0.93,0.5,0.0,6.73,1,2016-02-04 14:47:14.560404772
1,0.24,-73.81097,40.63142,-73.76669,40.59282,3.48,0.0,0.5,0.2,0.5,0.0,4.68,3,2016-01-03 13:04:28.325855410
1,1.71,-73.9362,40.68421,-73.92435,40.65603,5.59,1.0,0.5,0.44,0.5,0.3,8.33,3,2016-01-26 18:21:37.230467926
1,0.82,-73.7821,40.65155,-73.81176,40.67977,4.64,0.5,0.5,0.1,0.5,0.0,6.24,1,2016-03-12 08:46:16.266307583
2,0.51,-73.9054,40.75709,-73.94231,40.77179,3.33,0.0,0.5,0.55,3.17,0.0,7.55,5,2016-01-17 15:58:02.337937115
1,0.2,-73.9909,40.7668,-73.96202,40.7395,2.6,0.5,0.5,0.2,0.5,0.0,4.3,5,2016-01-19 17:13:00.222880871
1,1.76,-73.97028,40.75177,-73.95978,40.74269,6.04,1.0,0.5,0.32,0.5,0.0,8.36,4,2016-01-13 12:46:57.622134131
1,0.53,-73.82503,40.70765,-73.81243,40.67886,3.59,2.0,0.5,0.42,4.55,0.0,11.05,1,2016-02-19 23:12:48.782109120
2,0.85,-73.76637,40.64187,-73.80301,40.65747,4.83,0.0,0.5,0.26,0.5,0.0,6.09,5,2016-01-20 10:27:30.649611580
3,1.4,-73.996,40.78499,-74.02414,40.7714,5.08,0.5,0.5,1.0,0.5,0.0,7.58,1,2016-02-10 01:20:47.190993541
3,1.73,-73.97483,40.58127,-73.95893,40.54329,6.23,0.0,0.5,0.12,0.5,0.0,7.35,4,2016-03-26 10:54:30.904465721
1,0.15,-73.79759,40.64251,-73.84958,40.66894,2.44,2.0,0.5,0.43,3.84,0.0,9.21,1,2016-03-16 08:21:58.555818614
1,3.97,-73.99997,40.78666,-73.97167,40.76893,10.62,0.0,0.5,1.09,0.5,0.0,12.71,1,2016-01-09 12:58:06.989095419
2,3.97,-73.77948,40.6472,-73.83555,40.67325,10.44,0.0,0.5,0.85,0.5,0.0,12.28,1,2016-01-20 20:30:59.595851789
2,0.57,-73.96512,40.72289,-73.94479,40.78225,3.97,0.5,0.5,0.55,0.5,0.0,6.02,1,2016-02-22 15:05:45.129430517
2,1.35,-73.95243,40.65869,-73.99215,40.63648,4.97,0.0,0.5,0.63,0.5,0.0,6.6,3,2016-02-22 19:47:54.539387927
2,1.84,-73.80998,40.63754,-73.8889,40.73521,6.99,0.5,0.5,0.64,0.5,0.0,9.13,3,2016-02-26 16:22:40.371674920
1,0.79,-73.93524,40.72173,-73.91352,40.75623,3.65,1.0,0.5,0.6,0.5,0.0,6.26,4,2016-02-26 00:36:34.380851164
1,1.62,-73.99156,40.56076,-73.918,40.62892,5.24,2.0,0.5,0.88,0.5,0.0,9.12,3,2016-03-26 16:18:35.394760495
1,1.11,-73.79778,40.63413,-73.80278,40.56583,4.97,0.5,0.5,0.34,0.5,0.0,6.81,1,2016-02-06 20:09:24.663491181
2,0.35,-73.96817,40.76331,-73.89783,40.77147,3.13,0.5,0.5,0.46,0.5,0.0,5.08,3,2016-01-03 12:43:20.162440791
1,0.25,-73.99519,40.77837,-73.96412,40.76974,3.17,0.0,0.5,0.37,0.5,0.0,4.54,3,2016-03-12 02:16:01.597458109
3,0.1,-73.82258,40.75456,-73.81663,40.72809,3.25,0.0,0.5,0.5,3.44,0.3,7.99,2,2016-02-09 11:51:53.333067703
2,1.23,-74.00796,40.79803,-74.03787,40.80631,4.73,1.0,0.5,0.86,0.5,0.0,7.59,4,2016-02-19 15:03:31.031188043
3,0.73,-73.7836,40.656,-73.79202,40.61795,3.66,0.5,0.5,0.67,0.5,0.0,5.83,2,2016-03-12 06:34:12.024257761
2,0.46,-73.77061,40.63757,-73.78581,40.60877,3.26,0.5,0.5,0.52,0.5,0.0,5.29,4,2016-01-26 16:02:31.731922872
3,0.64,-73.97109,40.75295,-73.92804,40.82728,3.66,0.0,0.5,0.43,0.5,0.0,5.09,1,2016-03-28 10:10:55.852581360
1,0.47,-73.96286,40.73037,-73.89228,40.75692,2.8,0.0,0.5,0.24,0.5,0.0,4.05,5,2016-03-21 10:11:36.928704564
3,0.48,-73.97707,40.56464,-73.96038,40.56919,3.16,0.5,0.5,0.21,0.5,0.0,4.87,5,2016-01-11 23:26:19.596324824
1,0.19,-73.99864,40.73996,-73.97928,40.79839,2.48,0.0,0.5,0.41,3.92,0.0,7.3,5,2016-02-19 07:08:58.404794817
3,3.77,-73.99629,40.7599,-74.06826,40.70043,10.18,0.0,0.5,1.68,3.16,0.0,15.52,4,2016-03-20 17:32:39.706124365
2,0.1,-73.79332,40.64603,-73.81008,40.61453,3.18,0.0,0.5,0.1,0.5,0.0,4.28,4,2016-01-06 21:59:09.564160933
2,0.86,-73.75106,40.64682,-73.78679,40.6191,4.48,0.5,0.5,0.46,0.5,0.0,6.44,5,2016-03-01 23:08:35.186126106
3,0.42,-73.99031,40.73535,-73.94987,40.77091,3.17,2.0,0.5,0.36,0.5,0.0,6.53,3,2016-03-16 03:34:01.097237100
1,4.87,-74.00525,40.79986,-73.94069,40.87956,12.39,0.0,0.5,1.83,3.63,0.0,18.35,1,2016-03-20 03:22:12.667890463
1,0.94,-74.00616,40.72197,-73.97005,40.74551,4.26,0.5,0.5,0.76,0.5,0.0,6.52,5,2016-01-15 16:19:43.531418700
3,2.33,-73.80688,40.63292,-73.77782,40.59708,6.52,0.0,0.5,1.02,0.5,0.0,8.54,2,2016-01-27 04:50:23.040591066
3,0.6,-73.9764,40.67746,-73.99033,40.72649,3.56,2.0,0.5,0.25,0.5,0.0,6.81,2,2016-01-14 09:50:24.371412558
3,7.72,-73.96612,40.77022,-73.9345,40.82796,17.89,0.0,0.5,1.81,0.5,0.0,20.7,5,2016-01-18 15:45:09.718170450
1,0.27,-73.91104,40.70247,-73.92017,40.77148,3.29,0.0,0.5,0.1,0.5,0.0,4.39,3,2016-01-16 11:28:50.959615608
2,0.12,-74.00662,40.73914,-73.99458,40.79745,2.57,0.0,0.5,0.31,0.5,0.0,3.88,4,2016-03-01 07:32:47.926580248
2,0.1,-73.90121,40.78323,-73.8873,40.79955,3.15,0.0,0.5,0.39,0.5,0.0,4.55,1,2016-01-05 23:05:10.441991359
3,0.28,-74.00057,40.76495,-73.89382,40.7425,2.8,0.0,0.5,0.3,0.5,0.0,4.11,4,2016-02-02 20:23:37.674384990
3,0.78,-74.02787,40.7329,-74.02833,40.71096,3.74,1.0,0.5,0.1,0.5,0.0,5.84,5,2016-01-14 10:16:42.940886618
1,2.7,-73.8058,40.63611,-73.80448,40.64317,7.67,0.5,0.5,1.08,0.5,0.0,10.25,5,2016-02-14 15:47:10.093532799
2,3.6,-73.96371,40.79123,-73.93191,40.84461,10.05,0.0,0.5,0.97,0.5,0.0,12.02,5,2016-01-17 22:59:49.633167454
1,1.81,-73.97892,40.73581,-74.03322,40.74809,6.09,1.0,0.5,0.78,0.5,0.0,8.88,3,2016-02-29 00:38:29.845303892
3,0.9,-73.98884,40.78745,-73.9733,40.72036,4.62,0.0,0.5,0.48,0.5,0.0,6.1,4,2016-03-21 11:59:42.570763925
1,0.1,-73.98282,40.75141,-74.00489,40.75118,2.79,0.0,0.5,0.1,2.43,0.0,5.81,3,2016-03-10 14:53:23.606504279
2,2.63,-73.83613,40.60634,-73.80681,40.65867,7.6,1.0,0.5,0.76,0.5,0.0,10.36,4,2016-01-02 01:42:38.503284179
1,1.41,-73.99594,40.74883,-74.00146,40.7242,5.42,2.0,0.5,1.02,3.3,0.0,12.24,2,2016-02-13 17:08:33.802204084
1,2.94,-73.80176,40.65842,-73.74934,40.61352,8.09,0.5,0.5,0.16,0.5,0.0,9.75,3,2016-03-13 00:29:18.576508666
2,0.24,-74.02391,40.68966,-73.96835,40.64706,2.71,0.0,0.5,0.24,0.5,0.0,3.96,3,2016-01-05 14:45:45.233703239
2,0.99,-73.96556,40.72663,-73.96273,40.72713,3.97,0.0,0.5,0.78,0.5,0.0,5.76,1,2016-01-31 19:41:01.337734054
1,1.06,-73.75648,40.65422,-73.7523,40.62825,4.31,0.0,0.5,0.1,0.5,0.0,5.41,2,2016-03-21 15:49:50.743934380
1,6.22,-73.98027,40.78486,-73.98339,40.84465,14.01,0.0,0.5,2.7,0.5,0.0,17.71,4,2016-02-24 13:29:31.016276948
1,0.53,-73.77054,40.63143,-73.78574,40.57409,4.56,2.0,0.5,0.48,0.5,0.0,8.04,1,2016-02-01 19:16:51.489408948
2,1.55,-73.92255,40.68984,-73.89552,40.67817,5.87,0.0,0.5,0.93,0.5,0.0,7.8,3,2016-01-04 21:24:47.831359258
3,0.36,-73.88805,40.66711,-73.91916,40.63942,3.19,0.0,0.5,0.1,0.5,0.0,4.29,1,2016-03-16 05:56:26.833175573
1,1.08,-73.85996,40.56334,-73.9148,40.61142,5.16,2.0,0.5,0.82,0.5,0.0,8.98,3,2016-01-28 12:53:34.554135288
2,0.61,-73.76239,40.65492,-73.74687,40.61603,3.45,2.0,0.5,0.51,0.5,0.0,6.95,5,2016-03-21 23:38:32.995913056
2,0.1,-74.00252,40.76792,-74.0015,40.77938,2.88,0.0,0.5,0.1,0.5,0.0,3.98,4,2016-03-12 20:45:18.022190997
1,0.5,-73.99247,40.78107,-74.06927,40.87956,3.99,1.0,0.5,0.1,0.5,0.0,6.09,4,2016-02-09 07:26:31.357672521
2,1.34,-73.78726,40.64694,-73.76887,40.72104,4.55,0.0,0.5,0.26,0.5,0.0,5.81,4,2016-02-05 18:37:35.594058555
1,0.38,-73.97985,40.77269,-73.9737,40.79415,2.88,0.0,0.5,0.21,0.5,0.0,4.09,2,2016-02-04 08:16:33.952939381
1,0.1,-73.96253,40.78891,-73.90467,40.78197,2.97,0.0,0.5,0.51,0.5,0.3,4.78,5,2016-01-04 16:22:56.301992162
1,3.27,-73.94443,40.56097,-73.96618,40.54197,9.46,0.0,0.5,0.19,0.5,0.0,10.65,3,2016-01-22 22:10:10.198228889
1,0.1,-73.99009,40.77363,-74.04387,40.86946,2.05,0.0,0.5,0.1,0.5,0.0,3.15,5,2016-03-19 11:37:47.920589578
3,1.05,-73.9793,40.77099,-73.92126,40.76942,4.81,0.0,0.5,0.29,0.5,0.0,6.1,4,2016-03-30 01:35:56.277604120
2,9.1,-73.81048,40.65203,-73.80603,40.63863,21.2,2.0,0.5,2.92,0.5,0.0,27.12,4,2016-03-15 06:36:29.954991286
3,0.1,-73.96197,40.7395,-73.97828,40.68839,3.47,2.0,0.5,0.3,0.5,0.3,7.07,1,2016-03-12 01:14:26.783288802
3,8.94,-73.78559,40.64699,-73.81066,40.56891,20.12,1.0,0.5,1.2,0.5,0.0,23.32,5,2016-02-03 11:31:48.459447057
2,0.18,-73.8165,40.63941,-73.76134,40.60271,2.34,0.5,0.5,0.25,0.5,0.0,4.09,1,2016-01-22 22:44:42.742887591
1,0.71,-73.75151,40.65651,-73.73593,40.64984,4.97,1.0,0.5,0.45,0.5,0.3,7.71,1,2016-02-05 06:14:30.525294257
1,2.92,-73.76136,40.64243,-73.7705,40.6424,8.92,1.0,0.5,0.18,0.5,0.0,11.1,3,2016-02-06 23:01:45.109867384
1,0.51,-73.9924,40.73654,-73.99312,40.70872,3.61,1.0,0.5,0.72,0.5,0.0,6.33,5,2016-02-03 18:39:07.608819283
3,2.12,-73.99793,40.79514,-73.98461,40.77309,6.44,0.0,0.5,1.22,0.5,0.0,8.66,1,2016-03-06 19:43:42.954639921
3,5.72,-73.97968,40.73953,-73.99115,40.77617,13.42,0.0,0.5,1.95,0.5,0.0,16.38,2,2016-02-05 07:44:43.266346401
2,0.28,-73.83317,40.68374,-73.82014,40.6948,2.79,2.0,0.5,0.49,0.5,0.0,6.28,1,2016-01-03 20:22:04.582645559
2,2.24,-73.98979,40.73773,-73.97157,40.69466,6.28,0.0,0.5,0.76,0.5,0.0,8.04,4,2016-03-22 13:24:40.144010304
3,2.46,-73.94769,40.74689,-73.95729,40.69706,7.36,1.0,0.5,0.62,0.5,0.0,9.98,1,2016-02-06 07:55:37.666103296
2,1.46,-73.79183,40.63749,-73.73636,40.60833,5.44,2.0,0.5,0.5,0.5,0.3,9.24,2,2016-02-09 03:34:50.300055191
2,1.51,-73.84308,40.73976,-73.83829,40.68915,5.84,2.0,0.5,0.12,0.5,0.0,8.95,4,2016-03-06 09:39:49.190808405
3,1.1,-73.98032,40.73501,-73.98275,40.75583,4.39,1.0,0.5,0.24,0.5,0.0,6.63,2,2016-02-13 22:25:42.747154467
2,0.55,-73.81456,40.79377,-73.83406,40.85942,2.75,0.5,0.5,0.18,0.5,0.0,4.43,1,2016-02-26 13:24:56.921210530
3,0.93,-73.81141,40.65389,-73.79556,40.61624,4.42,1.0,0.5,0.1,0.5,0.0,6.52,1,2016-02-01 17:58:15.406582473
3,1.13,-73.89233,40.68483,-73.88616,40.73469,4.37,1.0,0.5,0.57,0.5,0.0,6.94,2,2016-01-24 13:16:18.651530823
2,3.54,-73.81385,40.63605,-73.80409,40.60147,9.83,1.0,0.5,1.46,0.5,0.0,13.29,4,2016-01-13 13:26:22.829914583
3,2.12,-74.00231,40.79258,-74.01175,40.79833,6.38,0.0,0.5,0.13,2.71,0.0,9.71,2,2016-03-15 00:43:26.173883411
3,2.47,-73.98671,40.79335,-73.9759,40.80414,7.53,0.0,0.5,0.15,0.5,0.3,8.98,4,2016-01-09 09:34:44.407490635
1,1.27,-73.89186,40.55185,-73.89686,40.56139,4.99,0.0,0.5,0.52,0.5,0.0,6.5,2,2016-02-09 17:07:28.245753469
1,0.2,-73.97039,40.76997,-73.92784,40.77972,2.5,0.5,0.5,0.48,0.5,0.0,4.49,3,2016-02-27 23:28:01.729879099
3,0.44,-73.77838,40.64443,-73.78391,40.64501,3.4,0.0,0.5,0.1,0.5,0.0,4.5,3,2016-03-26 13:36:12.311663942
3,2.72,-73.94954,40.63301,-73.88259,40.63488,7.99,2.0,0.5,0.76,0.5,0.0,11.75,3,2016-03-21 00:53:16.346231339
2,1.87,-73.80115,40.55342,-73.73284,40.53764,6.16,2.0,0.5,1.17,0.5,0.0,10.33,5,2016-02-21 16:33:04.902095770
3,0.93,-74.01546,40.7403,-73.98893,40.73101,4.24,0.0,0.5,0.23,0.5,0.0,5.47,1,2016-03-22 11:19:16.908491926
3,2.88,-73.81899,40.63274,-73.81615,40.598,7.8,0.0,0.5,0.55,0.5,0.0,9.35,5,2016-02-26 06:43:53.419723027
2,2.03,-73.76792,40.65099,-73.80012,40.66011,6.21,0.0,0.5,0.84,0.5,0.3,8.36,1,2016-03-27 11:41:48.808376247
2,0.61,-73.80685,40.74353,-73.75661,40.73107,3.92,2.0,0.5,0.31,0.5,0.0,7.23,3,2016-03-10 09:46:41.991163927
2,1.64,-73.87716,40.66574,-73.93816,40.65994,5.88,0.0,0.5,1.0,0.5,0.0,7.88,1,2016-02-19 08:04:55.172374268
2,0.67,-73.9641,40.77005,-73.99524,40.80363,4.09,1.0,0.5,0.5,0.5,0.0,6.59,4,2016-01-11 13:08:23.191504810
2,1.51,-73.85727,40.71561,-73.92435,40.64618,5.45,2.0,0.5,0.67,0.5,0.0,9.13,5,2016-03-26 03:23:39.625192780
3,1.01,-73.9671,40.68796,-73.93997,40.72822,4.67,0.5,0.5,0.9,0.5,0.0,7.07,2,2016-01-13 07:28:52.578228583
2,1.48,-74.04554,40.67326,-73.97002,40.6853,5.69,0.5,0.5,0.11,0.5,0.3,7.61,4,2016-03-02 07:24:46.862022588
2,0.4,-73.99759,40.75737,-74.01239,40.80802,2.4,0.0,0.5,0.16,0.5,0.0,3.56,3,2016-03-19 07:42:48.876395447
2,1.79,-73.97462,40.77304,-73.89767,40.77059,6.59,1.0,0.5,0.13,0.5,0.3,9.02,1,2016-01-14 11:00:40.470886627
3,2.69,-73.81697,40.64767,-73.86629,40.63035,7.8,0.0,0.5,0.16,0.5,0.0,8.96,2,2016-03-13 21:58:39.140692875
3,3.5,-73.75808,40.64106,-73.77217,40.62094,8.72,0.0,0.5,0.93,0.5,0.0,10.65,4,2016-01-21 15:41:33.340326884
1,0.89,-73.80034,40.64151,-73.82717,40.63572,3.71,0.0,0.5,0.5,0.5,0.0,5.21,2,2016-02-18 21:05:07.211732646
3,0.19,-73.7648,40.65845,-73.90528,40.67183,2.47,0.0,0.5,0.39,0.5,0.0,3.85,1,2016-01-06 17:16:29.613539634
2,2.98,-73.78333,40.65756,-73.7685,40.56624,8.9,0.5,0.5,0.55,2.73,0.3,13.48,4,2016-02-03 06:59:43.255313650
3,0.65,-73.9783,40.72673,-73.98961,40.68922,3.17,0.5,0.5,0.47,0.5,0.0,5.14,2,2016-01-27 23:04:26.069345059
1,0.76,-73.75785,40.64697,-73.80624,40.62238,4.04,2.0,0.5,0.1,0.5,0.0,7.14,4,2016-03-08 03:17:55.600632597
1,0.1,-73.77709,40.65801,-73.82892,40.71314,3.15,2.0,0.5,0.22,0.5,0.0,6.37,1,2016-01-19 00:52:05.074125731
3,1.12,-73.98107,40.77999,-73.9765,40.81983,5.54,0.5,0.5,0.76,0.5,0.0,7.79,5,2016-02-09 15:50:32.154535905
3,0.26,-73.9716,40.78862,-73.99458,40.83706,3.64,0.0,0.5,0.42,0.5,0.0,5.06,1,2016-01-18 23:13:55.752924642
1,0.72,-73.99323,40.77781,-73.96612,40.76823,4.32,0.5,0.5,0.36,0.5,0.0,6.19,1,2016-01-27 20:56:40.970884480
2,0.86,-74.00638,40.57965,-74.02799,40.52441,4.64,0.0,0.5,0.69,0.5,0.0,6.33,1,2016-02-03 13:04:24.663809645
3,4.53,-73.78884,40.63028,-73.77122,40.56723,11.73,0.0,0.5,0.23,0.5,0.0,12.96,4,2016-01-24 15:17:42.904999722
1,0.11,-73.99163,40.72539,-73.91841,40.74988,2.18,0.5,0.5,0.1,0.5,0.3,4.08,2,2016-03-25 20:42:16.346841924
2,0.1,-74.00048,40.67932,-74.03391,40.71811,2.63,0.5,0.5,0.49,3.04,0.0,7.16,5,2016-03-14 08:57:38.369923259
2,0.94,-73.77764,40.64708,-73.70378,40.63511,4.17,0.0,0.5,0.49,0.5,0.0,5.66,3,2016-01-10 17:06:42.621645165
2,2.12,-73.97964,40.76356,-73.93081,40.73639,7.81,1.0,0.5,0.16,0.5,0.0,9.96,3,2016-02-02 23:40:53.715315594
2,1.48,-73.99162,40.77062,-73.95489,40.7819,5.32,1.0,0.5,0.99,0.5,0.0,8.31,3,2016-02-08 14:09:25.938447907
1,0.63,-73.96754,40.75632,-73.97467,40.72752,3.54,2.0,0.5,0.24,2.98,0.0,9.26,1,2016-03-15 13:33:00.878379388
2,2.03,-73.99623,40.77923,-74.02802,40.81196,5.91,2.0,0.5,0.12,2.78,0.0,11.31,1,2016-01-11 23:21:42.806831067
3,0.19,-73.80533,40.64134,-73.78011,40.6412,2.46,0.5,0.5,0.47,4.84,0.0,8.78,4,2016-02-21 21:19:55.480716669
3,1.06,-74.00929,40.73715,-73.93301,40.74509,4.75,1.0,0.5,0.74,0.5,0.0,7.49,4,2016-03-20 18:29:00.936270813
3,0.1,-74.00603,40.79351,-73.99132,40.77087,2.44,0.0,0.5,0.15,0.5,0.0,3.59,5,2016-02-10 00:13:04.076084026
3,0.1,-74.04217,40.77177,-74.03825,40.74206,2.88,2.0,0.5,0.2,0.5,0.0,6.08,2,2016-02-27 08:57:41.496269383
3,0.66,-73.79906,40.65481,-73.8331,40.61416,3.32,1.0,0.5,0.65,0.5,0.0,5.97,3,2016-01-17 19:50:14.342562156
3,0.39,-73.75672,40.63118,-73.82329,40.62403,3.06,0.5,0.5,0.1,0.5,0.0,4.66,2,2016-01-01 17:30:40.855043743
1,0.65,-73.81873,40.65158,-73.82549,40.7037,4.22,0.0,0.5,0.39,0.5,0.0,5.61,4,2016-02-23 00:47:07.203444379
3,4.12,-73.96945,40.69269,-73.96935,40.59955,10.88,2.0,0.5,0.22,0.5,0.0,14.09,1,2016-03-27 07:43:16.768898427
2,0.1,-73.75313,40.63906,-73.78444,40.64408,2.82,0.5,0.5,0.5,0.5,0.0,4.81,2,2016-03-02 06:37:38.737704756
2,1.47,-73.9329,40.55314,-73.91988,40.55111,5.1,0.0,0.5,0.77,0.5,0.3,7.17,4,2016-03-27 10:10:23.520191827
1,1.47,-74.01781,40.64677,-74.041,40.65444,5.71,0.5,0.5,0.56,0.5,0.0,7.77,3,2016-02-11 12:17:17.301611757
1,0.23,-73.84683,40.60644,-73.844,40.72817,3.33,2.0,0.5,0.1,0.5,0.0,6.43,5,2016-02-10 23:39:05.748051991
3,0.67,-73.82466,40.61839,-73.74693,40.56331,3.45,0.5,0.5,0.35,0.5,0.0,5.3,4,2016-01-20 23:16:45.849038073
2,0.36,-73.97329,40.75779,-73.90057,40.75124,2.4,0.5,0.5,0.17,0.5,0.0,4.07,4,2016-02-17 12:32:46.831880819
1,4.23,-74.00692,40.76926,-74.00708,40.74539,10.74,1.0,0.5,1.83,0.5,0.0,14.56,5,2016-02-18 18:28:55.241903851
3,0.63,-73.91518,40.57288,-73.90832,40.63056,3.78,0.5,0.5,0.1,0.5,0.0,5.38,2,2016-02-21 00:14:24.549605289
3,5.36,-73.85178,40.74984,-73.86413,40.75565,12.73,2.0,0.5,0.67,4.58,0.0,20.48,3,2016-02-20 05:08:47.557274169
2,0.17,-73.80648,40.64969,-73.78802,40.61383,2.26,0.0,0.5,0.4,0.5,0.0,3.66,1,2016-02-03 19:08:19.033582012
1,1.3,-73.80495,40.63222,-73.86593,40.62384,5.58,1.0,0.5,0.44,0.5,0.0,8.02,5,2016-02-13 09:17:50.240583855
1,1.56,-74.04428,40.59245,-74.02502,40.5857,6.28,2.0,0.5,0.13,0.5,0.0,9.41,2,2016-03-16 21:07:43.576680594
1,0.1,-73.90119,40.78791,-73.82388,40.75188,2.71,0.5,0.5,0.52,0.5,0.0,4.72,5,2016-03-29 10:29:17.711561602
3,1.29,-73.99841,40.76772,-73.97453,40.80667,4.9,0.0,0.5,0.87,0.5,0.0,6.77,3,2016-02-16 21:28:08.453706414
1,0.2,-73.96042,40.76749,-73.97245,40.73009,3.06,1.0,0.5,0.2,0.5,0.0,5.26,5,2016-03-08 13:48:07.586952112
2,0.84,-73.76262,40.64398,-73.8266,40.67516,3.6,0.5,0.5,0.28,0.5,0.0,5.38,1,2016-01-26 11:10:34.721623355
2,0.14,-73.97583,40.73322,-73.97941,40.75655,3.84,0.0,0.5,0.62,0.5,0.0,5.46,2,2016-01-02 05:49:49.632950623
3,0.35,-73.78014,40.64628,-73.81211,40.65472,3.39,1.0,0.5,0.51,0.5,0.0,5.9,1,2016-03-12 07:46:41.138147255
2,3.13,-74.00632,40.75492,-73.98976,40.74771,8.69,0.0,0.5,1.25,0.5,0.0,10.93,2,2016-01-21 20:15:29.292828296
3,0.2,-74.02474,40.55331,-74.03786,40.49,2.36,1.0,0.5,0.35,0.5,0.0,4.71,1,2016-03-08 04:17:45.857149784
3,0.32,-74.00264,40.65126,-73.93397,40.64009,3.59,0.0,0.5,0.46,0.5,0.3,5.35,2,2016-01-19 14:02:38.507186414
2,3.71,-73.97709,40.74005,-73.94966,40.70787,9.87,2.0,0.5,1.6,0.5,0.0,14.47,5,2016-02-26 00:25:33.583642969
3,0.69,-73.81064,40.632,-73.76849,40.59242,3.61,0.0,0.5,0.19,0.5,0.0,4.79,3,2016-01-26 13:51:30.561611574
1,3.07,-73.99731,40.77293,-73.95931,40.7347,8.23,0.0,0.5,1.17,0.5,0.0,10.4,3,2016-03-12 20:11:14.414144905
2,0.74,-73.77631,40.65233,-73.8017,40.67213,3.91,0.5,0.5,0.44,0.5,0.0,5.85,3,2016-01-02 19:38:10.381456146
1,1.03,-73.8035,40.63346,-73.77748,40.57414,4.48,2.0,0.5,0.47,0.5,0.0,7.95,5,2016-03-03 13:49:08.145019055
3,2.09,-73.97864,40.75426,-74.01543,40.76189,6.94,0.0,0.5,0.14,3.16,0.3,11.04,3,2016-03-20 07:24:30.773244515
3,3.88,-73.86177,40.69413,-73.85672,40.70941,11.15,0.5,0.5,1.45,3.39,0.0,16.99,1,2016-01-02 23:45:02.206868438
3,2.66,-73.78125,40.64502,-73.71832,40.65229,7.45,2.0,0.5,0.15,0.5,0.0,10.6,3,2016-01-06 13:35:08.042309902
1,1.14,-73.99746,40.57065,-74.03722,40.64621,4.63,0.5,0.5,0.82,0.5,0.0,6.94,5,2016-01-05 07:59:11.688755685
2,0.93,-73.77742,40.6451,-73.77268,40.66706,3.49,0.0,0.5,0.65,0.5,0.0,5.14,3,2016-01-09 19:43:31.920636180
1,2.0,-73.75854,40.63946,-73.75234,40.68779,6.72,0.5,0.5,1.15,3.21,0.0,12.08,4,2016-02-08 14:26:38.475334086
1,0.62,-73.83751,40.66197,-73.83671,40.64572,3.44,0.0,0.5,0.1,0.5,0.0,4.54,1,2016-03-03 03:16:27.854471730
1,1.34,-73.80487,40.58714,-73.81632,40.66388,4.44,0.0,0.5,0.32,0.5,0.0,5.76,4,2016-03-20 02:04:06.636538499
3,1.35,-74.00798,40.79296,-73.96562,40.81794,6.13,0.5,0.5,0.6,0.5,0.0,8.23,3,2016-03-11 17:40:46.505575008
2,1.86,-73.78682,40.65021,-73.81504,40.66624,6.32,0.0,0.5,0.68,0.5,0.0,8.0,3,2016-01-13 06:33:17.521132962
2,0.53,-73.81766,40.649,-73.80294,40.64258,4.19,0.0,0.5,0.1,0.5,0.0,5.29,4,2016-03-14 10:29:23.299445050
1,6.06,-73.97335,40.74962,-73.97572,40.68472,14.78,1.0,0.5,2.01,0.5,0.0,18.79,2,2016-02-18 10:59:18.969481068
1,0.25,-73.81702,40.63038,-73.8089,40.60184,3.08,2.0,0.5,0.28,0.5,0.0,6.36,2,2016-03-26 10:58:13.362352797
1,1.02,-74.04678,40.70949,-74.04151,40.75847,5.0,0.0,0.5,0.1,0.5,0.0,6.1,5,2016-02-16 13:55:16.328267411
3,4.1,-73.80754,40.63487,-73.88214,40.62622,10.65,2.0,0.5,1.52,0.5,0.0,15.17,3,2016-02-15 12:49:15.385747865
3,0.55,-73.96438,40.79776,-74.00153,40.83706,3.6,0.0,0.5,0.1,0.5,0.0,4.7,3,2016-03-22 12:51:37.108248895
3,1.07,-73.99243,40.76934,-73.92204,40.72569,5.48,1.0,0.5,0.48,0.5,0.0,7.96,2,2016-02-14 02:25:55.650076240
1,3.13,-73.87547,40.59455,-73.87395,40.59156,9.0,2.0,0.5,1.2,0.5,0.0,13.21,4,2016-02-20 06:52:18.932872732
2,1.28,-73.77744,40.64567,-73.76932,40.7334,5.38,0.0,0.5,0.44,0.5,0.0,6.81,1,2016-01-03 11:19:04.144090822
2,2.66,-73.79195,40.65835,-73.79174,40.622,8.25,0.0,0.5,1.45,3.9,0.0,14.11,4,2016-03-14 14:07:27.672302346
2,2.96,-73.9048,40.74265,-73.8639,40.73928,8.49,2.0,0.5,0.17,0.5,0.0,11.66,4,2016-03-10 11:33:09.208886998
3,0.6,-73.80065,40.63259,-73.75543,40.66109,3.93,0.0,0.5,0.59,0.5,0.3,5.82,2,2016-03-27 04:17:27.759921077
1,1.21,-73.78071,40.65001,-73.7774,40.6448,5.23,0.0,0.5,1.04,0.5,0.0,7.27,5,2016-02-04 18:22:25.163074862
1,1.27,-73.76305,40.65501,-73.7523,40.63507,5.41,0.5,0.5,0.46,0.5,0.0,7.37,2,2016-02-12 11:28:47.939798505
1,0.1,-73.97744,40.75964,-74.01941,40.73773,2.61,0.0,0.5,0.17,0.5,0.3,4.08,2,2016-02-07 06:41:22.331443404
2,1.24,-73.9638,40.75941,-73.88681,40.80647,4.76,0.5,0.5,0.54,0.5,0.0,6.8,5,2016-01-08 22:28:41.763803794
2,3.61,-73.96321,40.75896,-73.96759,40.79252,9.34,0.5,0.5,1.07,0.5,0.0,11.91,2,2016-02-04 14:09:27.953533497
2,3.0,-73.96019,40.75282,-73.94341,40.7992,8.58,2.0,0.5,1.53,0.5,0.0,13.11,1,2016-03-20 08:34:48.032042210
1,0.73,-73.81126,40.65965,-73.7737,40.64581,3.77,0.5,0.5,0.51,0.5,0.0,5.79,4,2016-03-26 16:09:13.703675991
3,0.73,-73.78601,40.63282,-73.82317,40.63572,4.0,0.0,0.5,0.1,0.5,0.0,5.1,2,2016-03-17 18:49:45.392928286
2,0.51,-73.84574,40.76439,-73.84166,40.72708,4.29,0.0,0.5,0.33,0.5,0.0,5.62,4,2016-02-25 08:54:19.780251781
3,2.02,-73.98996,40.74169,-74.03817,40.71014,6.71,0.0,0.5,0.93,0.5,0.0,8.64,5,2016-02-04 22:59:18.148868334
2,0.25,-73.99302,40.72021,-73.98734,40.7043,2.23,0.0,0.5,0.37,0.5,0.0,3.6,1,2016-01-29 18:13:20.711234330
1,1.07,-73.80839,40.63477,-73.80705,40.64219,4.23,0.0,0.5,0.1,0.5,0.0,5.33,1,2016-03-16 19:50:54.881530053
2,0.71,-73.79118,40.64825,-73.74043,40.64759,3.85,0.0,0.5,0.4,0.5,0.0,5.24,2,2016-02-10 19:18:21.833252495
3,0.4,-73.80123,40.64942,-73.7506,40.69989,3.34,0.0,0.5,0.32,0.5,0.0,4.66,3,2016-03-10 06:14:07.386552427
2,0.44,-73.98429,40.76822,-74.04068,40.72594,2.73,0.5,0.5,0.1,2.61,0.0,6.43,4,2016-02-17 21:08:08.467239948
2,2.08,-74.04553,40.74466,-74.05866,40.71431,5.98,0.0,0.5,0.72,0.5,0.0,7.7,4,2016-01-11 18:12:15.470109572
3,0.38,-74.00326,40.79628,-74.06348,40.85417,3.51,0.5,0.5,0.1,0.5,0.0,5.11,3,2016-03-11 22:47:11.577427834
2,0.1,-74.036,40.74784,-74.02536,40.81256,2.6,0.0,0.5,0.43,0.5,0.0,4.04,2,2016-02-13 16:56:10.754784230
2,2.39,-73.99562,40.78642,-73.98243,40.74681,7.16,2.0,0.5,0.73,0.5,0.0,10.89,1,2016-02-17 11:42:57.819366074
1,0.19,-73.92489,40.73609,-73.9157,40.81494,2.45,0.0,0.5,0.33,0.5,0.0,3.78,4,2016-03-23 14:25:24.838886740
1,2.24,-73.9833,40.77157,-74.01991,40.7258,7.97,0.0,0.5,0.83,0.5,0.0,9.8,3,2016-02-09 11:14:00.618042540
3,2.3,-73.99949,40.79126,-73.92032,40.79176,7.55,0.0,0.5,0.57,0.5,0.0,9.12,5,2016-02-19 09:05:49.687178497
1,0.13,-73.75567,40.63861,-73.73719,40.62555,2.34,0.5,0.5,0.1,0.5,0.0,3.94,2,2016-02-24 11:46:23.732966593
2,0.11,-73.78371,40.65042,-73.77551,40.61932,2.93,2.0,0.5,0.19,0.5,0.0,6.12,2,2016-01-29 10:20:39.360698309
2,1.99,-74.00603,40.76898,-74.02681,40.77331,6.44,2.0,0.5,1.14,0.5,0.0,10.58,2,2016-02-16 22:48:52.479566461
1,0.29,-73.75907,40.65107,-73.75004,40.68222,3.42,0.5,0.5,0.23,0.5,0.0,5.15,5,2016-03-26 21:59:21.580652225
2,3.1,-73.81818,40.7844,-73.80044,40.7334,8.41,0.0,0.5,0.93,4.75,0.0,14.59,4,2016-02-12 15:07:00.677113714
3,0.67,-74.00474,40.72548,-73.99881,40.68593,4.69,0.5,0.5,0.61,0.5,0.3,7.1,4,2016-01-02 17:43:13.049000843
3,1.74,-73.78102,40.63435,-73.75257,40.62311,6.08,0.5,0.5,0.9,4.48,0.0,12.46,5,2016-01-22 10:59:02.208829954
3,0.72,-73.78777,40.65667,-73.80388,40.66168,4.76,0.5,0.5,0.1,0.5,0.0,6.36,1,2016-03-19 07:01:55.114865452
2,2.84,-73.87119,40.65804,-73.81644,40.64939,8.32,1.0,0.5,1.37,0.5,0.0,11.69,5,2016-01-23 01:59:53.298459261
3,0.55,-73.94555,40.6663,-73.9998,40.66768,3.95,0.0,0.5,0.59,0.5,0.0,5.54,5,2016-02-23 21:40:34.768722520
1,1.36,-74.00869,40.72425,-73.98879,40.70681,4.97,2.0,0.5,0.83,0.5,0.0,8.8,5,2016-03-12 22:10:08.722849126
1,0.1,-73.81433,40.63975,-73.77621,40.61508,2.54,1.0,0.5,0.1,0.5,0.0,4.64,3,2016-01-31 13:20:54.619415935
3,2.78,-73.81181,40.63171,-73.81997,40.6243,8.59,1.0,0.5,0.17,0.5,0.0,10.76,5,2016-03-23 10:13:26.493319730
2,0.53,-73.86603,40.67646,-73.87241,40.69676,3.19,0.5,0.5,0.56,0.5,0.0,5.25,5,2016-01-17 08:03:26.050564256
1,1.7,-74.0079,40.76912,-73.9924,40.77449,6.01,0.0,0.5,1.02,4.26,0.0,11.78,2,2016-02-27 03:26:35.704811105
2,5.08,-74.00273,40.76079,-73.95666,40.74072,12.47,0.0,0.5,1.43,0.5,0.0,14.89,3,2016-03-05 13:41:36.456722966
1,1.76,-73.88484,40.64709,-73.92733,40.60981,6.62,0.0,0.5,0.59,0.5,0.0,8.2,2,2016-02-04 18:06:38.103188803
2,0.1,-73.85182,40.56315,-73.81289,40.61928,2.83,0.0,0.5,0.32,0.5,0.0,4.15,5,2016-02-27 11:16:31.289621835
1,2.99,-73.80643,40.64402,-73.73776,40.66582,8.52,0.0,0.5,1.21,4.37,0.0,14.6,3,2016-03-04 21:55:49.208077592
3,1.59,-74.00447,40.77122,-73.98744,40.77666,5.53,0.0,0.5,0.5,0.5,0.0,7.03,1,2016-01-16 19:12:02.146706195
2,0.71,-73.99837,40.75361,-74.06419,40.73597,4.25,0.0,0.5,0.69,0.5,0.3,6.24,4,2016-01-11 12:06:14.986383688
3,2.49,-73.8161,40.64464,-73.81826,40.68598,7.52,2.0,0.5,0.15,0.5,0.0,10.67,2,2016-01-10 10:32:51.302840453
2,1.7,-73.99807,40.76441,-73.98024,40.7747,6.3,0.0,0.5,1.05,0.5,0.0,8.35,5,2016-02-29 11:06:43.314707213
3,1.09,-73.98998,40.78342,-73.99679,40.75651,4.29,1.0,0.5,0.83,0.5,0.0,7.12,3,2016-03-11 08:25:52.102309312
1,0.85,-73.81064,40.65215,-73.81787,40.60826,3.94,0.5,0.5,0.32,0.5,0.0,5.77,2,2016-01-06 14:17:13.331122378
1,4.2,-73.97975,40.73297,-73.8793,40.75487,10.29,0.0,0.5,1.76,0.5,0.0,13.05,1,2016-01-17 23:40:11.488806850
1,3.11,-73.96494,40.78219,-73.90711,40.86428,8.02,0.5,0.5,1.07,0.5,0.0,10.58,2,2016-02-19 14:57:23.227437042
3,0.47,-74.00076,40.57281,-73.99316,40.5582,3.31,0.5,0.5,0.42,0.5,0.0,5.23,4,2016-01-25 17:32:20.147838857
3,0.68,-73.92355,40.70187,-73.92443,40.72551,4.12,1.0,0.5,0.7,0.5,0.0,6.83,2,2016-03-28 16:36:15.958395471
3,1.18,-73.97531,40.72801,-73.95661,40.73497,5.15,0.5,0.5,0.1,0.5,0.3,7.05,1,2016-02-11 21:03:47.353420935
3,2.86,-74.00302,40.74668,-74.00981,40.79324,8.05,2.0,0.5,0.84,0.5,0.3,12.2,2,2016-02-28 13:31:08.647351078
1,1.69,-73.99406,40.79852,-74.03451,40.84637,5.64,0.0,0.5,0.11,0.5,0.0,6.76,1,2016-02-23 08:32:50.853929346
3,0.65,-73.9742,40.73583,-73.95336,40.78584,3.81,2.0,0.5,0.32,0.5,0.0,7.13,5,2016-01-12 09:35:57.777210764
3,0.66,-74.03952,40.64658,-74.03975,40.68375,3.83,0.0,0.5,0.1,0.5,0.3,5.23,3,2016-03-29 14:46:34.999275368
1,0.7,-73.9679,40.7423,-73.85498,40.7965,3.95,2.0,0.5,0.4,0.5,0.0,7.35,5,2016-02-22 15:50:49.344069314
2,1.48,-73.84998,40.62143,-73.87913,40.64805,4.97,2.0,0.5,0.56,0.5,0.0,8.53,4,2016-01-29 10:16:57.502484840
1,0.15,-73.78817,40.63706,-73.79511,40.65596,2.07,2.0,0.5,0.1,4.63,0.0,9.3,5,2016-01-02 19:30:19.699208877
1,0.77,-73.80478,40.6361,-73.78355,40.65813,4.5,0.5,0.5,0.1,0.5,0.0,6.1,4,2016-02-25 07:42:07.648093542
2,1.21,-74.02014,40.59288,-73.98709,40.66422,5.11,0.5,0.5,0.1,0.5,0.0,6.71,3,2016-01-06 15:52:12.771111580
3,8.79,-73.80753,40.79558,-73.79325,40.78564,19.89,0.0,0.5,0.4,0.5,0.0,21.29,4,2016-02-01 23:35:48.618573622
3,4.48,-73.78656,40.64669,-73.81999,40.62428,11.75,2.0,0.5,0.24,2.97,0.0,17.46,5,2016-03-26 13:51:37.993419181
1,0.86,-73.85104,40.71393,-73.85235,40.70552,3.75,1.0,0.5,0.54,0.5,0.0,6.28,5,2016-03-01 11:02:20.338742078
3,2.91,-74.00328,40.78275,-74.04592,40.80737,8.4,0.0,0.5,1.06,0.5,0.0,10.46,4,2016-03-30 04:56:18.610040611
2,0.13,-73.87736,40.78877,-73.85867,40.78417,2.66,1.0,0.5,0.28,0.5,0.0,4.94,3,2016-03-30 11:18:03.290023581
2,1.03,-73.97436,40.75141,-73.92098,40.79627,4.36,0.5,0.5,0.83,4.14,0.3,10.63,3,2016-02-25 03:03:43.897514941
2,0.25,-73.77474,40.65717,-73.76104,40.64784,3.3,0.0,0.5,0.1,0.5,0.0,4.4,2,2016-02-03 08:00:51.285785541
2,0.3,-73.8719,40.63922,-73.8777,40.63861,3.59,1.0,0.5,0.49,0.5,0.0,6.08,5,2016-01-23 11:00:56.737345533
1,0.79,-73.9789,40.73468,-74.04785,40.75145,4.12,0.0,0.5,0.1,0.5,0.0,5.22,2,2016-01-31 18:12:01.735339977
2,1.48,-73.78488,40.64309,-73.78643,40.70233,5.77,2.0,0.5,0.12,0.5,0.0,8.88,2,2016-03-28 21:55:02.039646916
2,0.91,-73.90066,40.67415,-73.98543,40.72125,4.87,0.0,0.5,0.63,0.5,0.3,6.8,2,2016-01-02 12:50:14.003654685
2,3.52,-73.87323,40.64746,-73.95934,40.62497,9.16,0.5,0.5,0.18,3.44,0.0,13.78,5,2016-03-22 19:18:42.788843213
2,0.14,-73.90774,40.76946,-74.00138,40.82411,2.68,0.0,0.5,0.39,0.5,0.0,4.07,4,2016-01-25 22:40:09.678721419
2,0.12,-73.75742,40.63718,-73.778,40.64278,2.31,0.5,0.5,0.36,0.5,0.0,4.17,1,2016-01-29 01:34:29.097626226
2,0.94,-73.99337,40.75061,-73.97745,40.77143,4.73,0.5,0.5,0.25,3.48,0.0,9.46,2,2016-03-16 22:51:07.510010265
1,3.29,-73.76021,40.6558,-73.82834,40.69599,9.03,1.0,0.5,1.12,0.5,0.0,12.15,4,2016-01-05 17:14:55.562504867
2,0.36,-74.01814,40.58841,-74.00924,40.64234,2.95,0.5,0.5,0.1,0.5,0.0,4.55,2,2016-01-03 20:41:48.911343430
3,0.1,-74.00988,40.78385,-74.02901,40.72702,3.18,0.5,0.5,0.43,0.5,0.0,5.11,3,2016-01-29 19:38:19.911512270
2,0.61,-73.90798,40.7282,-73.901,40.77527,3.96,1.0,0.5,0.48,0.5,0.0,6.44,5,2016-03-06 20:36:43.983856581
3,5.58,-73.77339,40.6354,-73.82683,40.58173,13.96,0.5,0.5,2.26,2.95,0.0,20.17,4,2016-02-13 21:26:20.108307361
3,0.1,-73.89543,40.59512,-73.92728,40.59495,3.43,1.0,0.5,0.32,0.5,0.0,5.75,2,2016-01-13 15:59:25.375241879
3,3.1,-73.81348,40.63111,-73.84151,40.7161,9.12,1.0,0.5,1.66,0.5,0.3,13.08,2,2016-02-27 01:59:03.744341295
2,2.83,-73.75286,40.63489,-73.70172,40.6395,8.62,2.0,0.5,0.98,0.5,0.0,12.6,3,2016-01-17 18:51:48.667082908
2,2.06,-73.97479,40.72836,-73.96459,40.67561,6.17,1.0,0.5,1.17,0.5,0.0,9.34,2,2016-02-29 14:32:05.916076464
2,0.62,-73.97454,40.74856,-73.93148,40.81281,3.42,1.0,0.5,0.63,0.5,0.0,6.05,4,2016-02-25 13:22:05.633978653
1,0.3,-73.997,40.76366,-74.02741,40.84782,2.6,2.0,0.5,0.33,0.5,0.0,5.93,2,2016-01-08 08:37:33.692567054
1,0.25,-73.91541,40.7288,-73.85511,40.74535,2.27,0.0,0.5,0.33,4.16,0.0,7.26,2,2016-01-22 06:19:45.047107819
2,0.9,-73.9728,40.7874,-73.96882,40.77905,4.19,0.0,0.5,0.71,0.5,0.0,5.9,2,2016-03-10 15:29:29.946843131
3,3.08,-73.75014,40.64465,-73.71258,40.61093,9.43,2.0,0.5,0.98,0.5,0.3,13.71,3,2016-02-28 02:29:54.033894736
1,1.34,-73.80926,40.76626,-73.83401,40.77005,5.42,0.5,0.5,0.33,4.88,0.0,11.63,3,2016-02-16 12:29:48.868801450
2,1.88,-73.94994,40.75256,-73.90976,40.72581,6.79,0.0,0.5,0.51,0.5,0.0,8.3,2,2016-03-12 00:24:18.648603619
1,0.64,-73.81914,40.6504,-73.81031,40.68306,3.26,0.0,0.5,0.1,0.5,0.0,4.36,1,2016-03-12 19:37:56.056734348
1,0.1,-73.9,40.73998,-73.868,40.75859,3.15,2.0,0.5,0.1,0.5,0.0,6.25,1,2016-01-24 21:45:06.339057518
1,0.17,-73.97286,40.79265,-73.98203,40.78185,2.57,0.5,0.5,0.1,0.5,0.0,4.17,5,2016-03-06 13:25:08.673719130
3,0.18,-73.84719,40.79622,-73.79615,40.73427,2.43,0.5,0.5,0.1,0.5,0.0,4.03,5,2016-03-21 02:53:35.980410582
1,4.18,-73.90016,40.79654,-73.89415,40.82383,10.83,2.0,0.5,1.52,0.5,0.0,15.35,4,2016-01-19 20:45:33.928852414
1,0.49,-73.79712,40.63506,-73.74068,40.61898,3.47,0.0,0.5,0.4,0.5,0.0,4.87,1,2016-03-11 11:15:59.147451289
2,1.18,-73.79576,40.65063,-73.82435,40.70327,4.71,1.0,0.5,0.1,0.5,0.0,6.81,5,2016-02-01 23:29:48.244602207
1,1.17,-73.92102,40.6656,-73.8675,40.5999,4.92,0.0,0.5,0.39,0.5,0.0,6.31,5,2016-03-13 09:23:54.826368023
3,0.12,-73.80625,40.74999,-73.82338,40.78093,2.96,2.0,0.5,0.1,0.5,0.3,6.36,2,2016-01-04 15:25:07.831839535
1,0.48,-73.9868,40.75662,-73.99437,40.78683,2.87,0.0,0.5,0.17,0.5,0.0,4.04,5,2016-03-11 10:51:55.272152203
3,2.26,-73.77304,40.64577,-73.70624,40.65608,6.6,2.0,0.5,0.9,0.5,0.0,10.5,1,2016-02-02 18:43:15.002274426
3,3.63,-73.79821,40.65438,-73.80506,40.65353,9.69,0.0,0.5,0.19,0.5,0.0,10.88,4,2016-02-12 06:46:19.716333773
3,0.5,-73.96054,40.76891,-73.90568,40.78344,4.3,2.0,0.5,0.67,0.5,0.0,7.98,4,2016-01-21 09:16:44.662145738
1,2.19,-73.75174,40.64006,-73.76244,40.63816,7.27,2.0,0.5,1.24,0.5,0.0,11.51,2,2016-02-06 06:41:41.885065441
1,0.64,-73.80162,40.63284,-73.87734,40.62294,3.6,0.5,0.5,0.4,0.5,0.0,5.5,1,2016-01-17 22:09:35.026844573
1,0.21,-73.83024,40.68927,-73.82766,40.67672,3.42,2.0,0.5,0.1,0.5,0.0,6.52,4,2016-03-17 12:33:04.398696806
3,0.1,-73.99162,40.73201,-74.07145,40.76266,2.28,2.0,0.5,0.41,0.5,0.0,5.69,1,2016-02-01 06:25:23.655251752
2,1.71,-73.99512,40.79002,-73.93775,40.7714,6.12,1.0,0.5,0.98,0.5,0.0,9.1,4,2016-03-25 16:52:55.880898336
3,1.39,-73.9966,40.73283,-74.00683,40.71433,5.64,0.0,0.5,0.7,0.5,0.0,7.34,1,2016-03-09 19:09:47.830001412
2,0.1,-73.99434,40.73611,-73.99379,40.71383,2.71,0.5,0.5,0.29,0.5,0.0,4.51,2,2016-01-19 12:48:37.754421872
3,2.05,-73.97853,40.76558,-73.98906,40.73003,7.01,0.0,0.5,0.99,0.5,0.0,9.01,3,2016-02-06 15:03:51.238962414
1,0.9,-73.78346,40.63413,-73.77427,40.6629,4.1,0.0,0.5,0.21,0.5,0.0,5.31,1,2016-01-29 21:57:14.991291246
1,0.52,-73.99155,40.72113,-74.01753,40.73614,3.4,2.0,0.5,0.1,0.5,0.0,6.5,4,2016-02-14 20:41:23.701936092
1,0.56,-73.98842,40.74477,-73.94717,40.69155,3.26,0.0,0.5,0.5,0.5,0.0,4.76,4,2016-03-23 05:10:16.591645942
1,3.23,-73.79848,40.64811,-73.83757,40.58863,8.98,1.0,0.5,0.18,0.5,0.0,11.16,3,2016-03-27 11:53:39.394464017
2,1.8,-73.77868,40.6378,-73.74892,40.64003,6.09,0.0,0.5,0.46,0.5,0.3,7.86,3,2016-01-21 20:48:54.689013894
1,0.1,-73.98095,40.79414,-73.90822,40.78921,2.48,0.0,0.5,0.31,0.5,0.0,3.78,3,2016-02-02 01:27:35.597200386
2,1.35,-73.98394,40.72706,-74.02225,40.73398,5.82,0.0,0.5,0.12,0.5,0.0,6.93,1,2016-01-02 23:35:13.669276587
1,0.62,-74.023,40.77706,-74.07181,40.7184,3.71,2.0,0.5,0.69,3.52,0.0,10.42,3,2016-01-02 07:08:22.464324076
2,0.43,-74.02374,40.68576,-74.06211,40.66681,3.4,0.5,0.5,0.52,0.5,0.0,5.42,5,2016-01-22 00:58:31.559153991
2,0.46,-73.7651,40.64225,-73.74805,40.63624,3.83,0.0,0.5,0.34,0.5,0.0,5.17,1,2016-03-18 11:53:21.707815397
2,2.37,-73.8004,40.64103,-73.79559,40.57816,7.13,0.0,0.5,1.05,0.5,0.3,9.48,1,2016-02-27 16:12:44.612874079
1,2.44,-73.9661,40.63972,-73.94658,40.62842,7.37,1.0,0.5,0.94,0.5,0.0,10.31,1,2016-01-16 14:00:58.141083137
3,0.6,-73.97552,40.71295,-73.94146,40.75098,3.97,0.5,0.5,0.5,0.5,0.0,5.97,2,2016-02-04 21:42:21.429046368
3,0.35,-73.7986,40.63623,-73.77852,40.64262,3.62,2.0,0.5,0.1,0.5,0.0,6.72,1,2016-01-19 14:49:50.957104558
1,0.91,-73.77793,40.64459,-73.7086,40.66971,4.45,2.0,0.5,0.51,0.5,0.0,7.96,2,2016-03-28 13:54:52.902620210
1,0.42,-73.77166,40.63434,-73.7622,40.66741,3.13,2.0,0.5,0.58,0.5,0.3,7.01,4,2016-03-04 05:19:13.335824119
3,3.43,-74.0021,40.76682,-73.96123,40.86872,10.0,1.0,0.5,1.77,0.5,0.0,13.77,3,2016-01-24 09:26:41.055129405
1,1.47,-73.79163,40.65732,-73.72733,40.64545,4.93,2.0,0.5,0.73,4.87,0.0,13.04,4,2016-02-13 02:23:09.497482765
2,0.38,-74.00129,40.79159,-73.98967,40.77057,3.15,0.0,0.5,0.47,0.5,0.3,4.91,3,2016-03-28 13:36:55.331023406
3,0.37,-74.01514,40.63796,-74.01809,40.69697,2.55,0.5,0.5,0.23,0.5,0.0,4.27,4,2016-03-06 18:09:45.931303158
3,0.4,-73.98168,40.76855,-74.10424,40.79297,3.09,2.0,0.5,0.46,0.5,0.0,6.55,3,2016-02-24 00:26:33.167297692
2,0.95,-73.97164,40.7367,-73.92883,40.73707,4.77,1.0,0.5,0.78,0.5,0.0,7.55,3,2016-03-22 07:22:25.267138763
1,0.78,-74.00693,40.75302,-74.04222,40.84015,4.0,0.0,0.5,0.22,0.5,0.0,5.22,5,2016-02-20 23:48:59.306247953
3,2.09,-73.96072,40.77177,-73.97301,40.80782,6.79,0.0,0.5,0.95,0.5,0.0,8.75,5,2016-02-19 00:22:48.459445683
1,0.31,-73.99421,40.77712,-73.91111,40.8274,2.65,0.0,0.5,0.43,0.5,0.0,4.08,4,2016-02-16 12:49:32.538690474
1,3.89,-74.00893,40.77734,-73.97762,40.83744,10.24,2.0,0.5,0.62,0.5,0.0,13.85,2,2016-02-04 10:37:54.385590700
3,0.93,-74.00111,40.74114,-73.97305,40.76958,4.31,0.0,0.5,0.64,0.5,0.3,6.25,3,2016-03-04 09:13:05.207737887
2,0.84,-74.00344,40.78718,-74.04163,40.75131,4.29,0.0,0.5,0.22,0.5,0.3,5.81,1,2016-02-01 14:50:41.168239807
3,0.28,-73.87767,40.6793,-73.91903,40.64575,2.79,0.0,0.5,0.1,0.5,0.0,3.89,2,2016-01-14 13:39:59.629566244
2,2.53,-73.7631,40.63144,-73.79694,40.63225,7.49,0.5,0.5,0.15,0.5,0.0,9.14,2,2016-01-01 21:39:41.012533803
2,2.22,-73.98107,40.72167,-73.93036,40.74361,7.11,0.0,0.5,0.54,0.5,0.0,8.65,4,2016-02-09 08:09:55.824063212
2,0.3,-73.79678,40.65468,-73.75732,40.62678,2.84,0.0,0.5,0.19,4.23,0.0,7.76,2,2016-03-11 15:03:43.219553787
1,1.8,-73.99494,40.7505,-74.00317,40.71854,6.13,0.0,0.5,0.91,0.5,0.3,8.34,1,2016-01-07 18:19:31.537463727
1,2.04,-73.76423,40.65879,-73.7057,40.66935,7.16,0.0,0.5,1.06,0.5,0.0,9.23,5,2016-02-14 19:03:32.629609616
1,0.32,-73.86405,40.61129,-73.83368,40.5657,2.94,2.0,0.5,0.46,0.5,0.0,6.4,5,2016-02-13 20:17:41.412174091
1,4.57,-73.89566,40.62342,-73.88841,40.65638,11.73,0.0,0.5,2.07,0.5,0.0,14.8,2,2016-02-24 23:36:16.259687351
2,0.16,-74.00489,40.78763,-74.00202,40.77333,2.4,1.0,0.5,0.43,0.5,0.0,4.82,3,2016-03-12 12:47:51.091095400
3,1.18,-73.77573,40.64435,-73.78699,40.69359,4.58,1.0,0.5,0.81,0.5,0.0,7.39,1,2016-01-10 03:46:52.675295451
3,1.0,-73.75153,40.6356,-73.75811,40.60121,4.74,0.0,0.5,0.28,0.5,0.0,6.01,4,2016-02-29 13:06:40.358341975
3,2.0,-73.95264,40.57128,-74.00084,40.49763,5.88,2.0,0.5,0.12,0.5,0.0,9.0,4,2016-03-15 12:41:28.436093282
3,0.32,-73.79458,40.63322,-73.74912,40.60283,2.93,0.0,0.5,0.22,0.5,0.0,4.15,3,2016-02-07 18:28:50.076045970
3,2.67,-73.81839,40.63699,-73.75862,40.64848,8.05,0.5,0.5,0.91,0.5,0.0,10.47,5,2016-02-25 21:51:38.086705270
1,0.65,-73.98049,40.77374,-73.91557,40.74599,3.81,1.0,0.5,0.37,0.5,0.0,6.17,3,2016-02-15 03:10:08.539793488
2,3.72,-73.7668,40.65198,-73.7,40.6954,10.46,0.0,0.5,1.32,0.5,0.0,12.78,1,2016-01-01 10:31:00.068235517
3,3.35,-73.81088,40.65357,-73.80103,40.63034,8.72,0.0,0.5,0.17,0.5,0.0,9.9,2,2016-01-11 06:29:11.301932172
3,0.72,-73.99444,40.74778,-73.98077,40.68073,4.81,0.0,0.5,0.85,0.5,0.0,6.65,4,2016-03-21 15:23:55.621843011
3,0.12,-73.81905,40.75269,-73.79418,40.7253,2.8,0.0,0.5,0.16,0.5,0.3,4.26,4,2016-03-11 06:04:33.862609593
1,3.83,-74.03006,40.64585,-74.01225,40.67303,10.24,2.0,0.5,0.52,2.61,0.3,16.17,3,2016-01-04 11:05:18.412289151
1,0.66,-73.8088,40.63369,-73.80875,40.59584,4.07,0.5,0.5,0.46,0.5,0.0,6.02,4,2016-02-24 08:25:38.447599803
1,2.66,-73.99928,40.72237,-73.9894,40.71877,7.94,0.0,0.5,0.5,3.39,0.0,12.33,1,2016-01-14 12:30:40.905008904
2,6.35,-73.80073,40.64987,-73.81752,40.68079,15.58,1.0,0.5,2.14,4.35,0.0,23.57,4,2016-03-08 00:32:34.010101108
3,0.63,-73.78378,40.63501,-73.80395,40.66478,3.38,2.0,0.5,0.46,0.5,0.0,6.84,3,2016-01-10 07:02:56.353416536
2,4.32,-73.80655,40.65779,-73.76808,40.65443,11.27,2.0,0.5,1.98,0.5,0.0,16.26,5,2016-02-22 18:18:40.652929693
3,6.58,-73.78639,40.65913,-73.88077,40.66136,15.52,0.5,0.5,1.4,0.5,0.0,18.42,5,2016-03-01 06:57:02.732273120
3,5.97,-73.96178,40.69386,-73.96378,40.66771,14.96,0.0,0.5,0.3,0.5,0.0,16.26,5,2016-03-23 02:58:06.358807302
1,2.02,-73.99272,40.79506,-74.07478,40.82022,7.15,0.5,0.5,1.1,0.5,0.0,9.75,5,2016-01-06 11:04:28.016405636
1,0.13,-74.00668,40.78228,-73.99495,40.75489,3.18,0.0,0.5,0.35,0.5,0.0,4.53,3,2016-03-13 19:44:14.930173266
2,7.12,-73.98945,40.73699,-74.03134,40.76247,16.75,1.0,0.5,0.34,0.5,0.0,19.09,3,2016-02-11 20:16:58.357488901
3,0.11,-73.94561,40.65716,-73.97409,40.64984,2.7,1.0,0.5,0.1,0.5,0.0,4.8,4,2016-02-14 19:42:22.273427595
1,0.85,-73.81326,40.63297,-73.74533,40.72281,4.63,2.0,0.5,0.1,2.63,0.3,10.16,2,2016-01-22 05:51:21.619794248
1,0.25,-73.98785,40.74829,-73.97089,40.71558,2.71,1.0,0.5,0.32,0.5,0.0,5.03,3,2016-03-08 13:52:30.663030980
3,0.34,-73.79397,40.65132,-73.86926,40.64746,2.71,1.0,0.5,0.1,0.5,0.0,4.81,3,2016-02-08 18:53:17.317101514
3,3.42,-73.9883,40.74802,-73.91676,40.74188,9.79,1.0,0.5,0.67,3.26,0.0,15.21,5,2016-01-14 08:13:25.098832215
2,0.1,-73.75972,40.64477,-73.77438,40.6165,3.03,0.0,0.5,0.38,0.5,0.3,4.71,1,2016-03-03 10:59:36.486151563
3,0.37,-73.81653,40.63524,-73.76499,40.59953,2.7,2.0,0.5,0.2,0.5,0.0,5.9,5,2016-03-13 04:47:40.117571830
2,3.32,-74.00533,40.74737,-73.91479,40.71585,8.71,0.5,0.5,1.64,0.5,0.0,11.84,1,2016-03-30 07:21:52.412423065
3,0.14,-73.97509,40.76551,-73.94355,40.79442,2.15,0.0,0.5,0.24,0.5,0.0,3.39,4,2016-03-28 13:10:30.748123218
3,7.25,-73.8052,40.63404,-73.85049,40.66275,16.94,0.0,0.5,3.22,0.5,0.0,21.16,1,2016-02-15 04:51:39.635100105
3,0.1,-73.90218,40.71234,-73.86753,40.7534,2.37,1.0,0.5,0.17,0.5,0.0,4.54,1,2016-03-11 11:20:39.304937780
3,0.98,-73.8126,40.64248,-73.80295,40.66758,5.2,2.0,0.5,0.9,0.5,0.0,9.1,4,2016-01-09 05:07:47.701019329
3,5.17,-73.88841,40.60313,-73.87634,40.5609,12.28,0.0,0.5,1.13,0.5,0.0,14.41,1,2016-01-02 20:47:40.707345708
2,2.11,-74.00215,40.79376,-73.96977,40.73301,6.67,2.0,0.5,0.93,0.5,0.0,10.61,2,2016-03-14 23:45:31.625074364
3,0.69,-73.77458,40.64572,-73.76255,40.65245,3.73,0.0,0.5,0.37,0.5,0.0,5.1,3,2016-01-27 18:19:21.061873739
1,0.28,-74.0099,40.77976,-74.05791,40.85039,3.5,0.0,0.5,0.59,0.5,0.0,5.09,1,2016-01-31 10:15:34.644569409
1,2.79,-73.76916,40.63739,-73.7704,40.67246,8.86,1.0,0.5,1.38,0.5,0.0,12.23,2,2016-01-11 18:06:28.723971936
1,0.91,-73.75799,40.64511,-73.78637,40.71035,5.31,0.5,0.5,0.67,0.5,0.0,7.47,4,2016-03-29 22:31:31.076756534
2,0.12,-73.81882,40.64479,-73.83913,40.64514,2.18,0.0,0.5,0.1,0.5,0.0,3.28,5,2016-02-19 11:21:15.163203876
1,0.29,-73.91555,40.55363,-73.91301,40.56424,3.75,0.0,0.5,0.58,2.1,0.3,7.23,5,2016-03-10 13:30:20.029448881
1,0.73,-73.76217,40.63209,-73.75928,40.6005,3.9,1.0,0.5,0.22,0.5,0.0,6.12,1,2016-03-30 02:47:42.697902695
3,0.31,-73.99522,40.72215,-73.9653,40.77961,3.02,1.0,0.5,0.1,0.5,0.0,5.12,2,2016-03-07 15:41:44.829028849
3,1.05,-73.97973,40.76598,-74.01532,40.71695,4.23,0.0,0.5,0.1,0.5,0.0,5.33,4,2016-02-09 23:03:19.934670620
2,1.42,-73.86686,40.57642,-73.9125,40.61708,4.88,0.0,0.5,0.65,0.5,0.0,6.53,5,2016-01-11 13:04:27.364603735
1,0.48,-74.00069,40.7202,-74.0686,40.79121,3.79,1.0,0.5,0.53,0.5,0.0,6.31,3,2016-01-09 16:09:30.840650261
3,0.8,-74.03904,40.70573,-74.09147,40.73014,4.08,0.0,0.5,0.44,0.5,0.0,5.51,1,2016-02-16 11:42:55.891642113
3,2.11,-73.84164,40.71433,-73.82863,40.67977,7.22,0.5,0.5,0.72,3.99,0.0,12.94,4,2016-02-04 17:29:55.867795159
2,0.11,-73.81548,40.63609,-73.85914,40.60466,2.51,0.5,0.5,0.41,0.5,0.0,4.42,2,2016-02-04 12:09:02.222917124
2,0.6,-73.96842,40.77999,-73.99417,40.68687,3.76,0.0,0.5,0.28,0.5,0.0,5.04,2,2016-01-18 22:55:59.144096959
1,3.43,-73.99801,40.56889,-74.02429,40.60079,9.41,2.0,0.5,1.58,0.5,0.0,13.99,2,2016-03-15 15:08:50.189884154
2,2.91,-73.96846,40.71197,-74.00744,40.68332,8.53,0.0,0.5,1.59,0.5,0.0,11.12,4,2016-03-06 09:15:10.425090377
3,0.22,-74.01349,40.55346,-73.99667,40.49793,2.0,1.0,0.5,0.18,0.5,0.0,4.18,1,2016-03-26 04:46:54.628029861
1,0.13,-74.00835,40.73544,-74.03825,40.73409,2.78,0.0,0.5,0.53,0.5,0.0,4.31,4,2016-01-10 09:12:30.992801940
3,1.15,-73.96137,40.76801,-74.03268,40.80894,4.74,1.0,0.5,0.31,0.5,0.0,7.05,1,2016-02-16 12:33:49.659913906
1,1.42,-73.9249,40.57898,-73.93662,40.57449,5.78,0.0,0.5,0.59,0.5,0.0,7.37,5,2016-01-28 05:53:21.280199249
1,1.34,-73.81832,40.63422,-73.76759,40.60324,5.35,0.0,0.5,0.63,0.5,0.0,6.98,2,2016-02-05 00:32:24.993144504
3,3.27,-73.99307,40.78109,-74.09199,40.77132,9.48,1.0,0.5,1.28,0.5,0.3,13.06,1,2016-02-27 07:24:19.502045345
2,1.3,-73.77982,40.65682,-73.76669,40.64241,5.27,1.0,0.5,0.55,0.5,0.0,7.82,2,2016-02-15 21:27:53.401331835
3,0.43,-73.98559,40.76134,-73.94217,40.75192,3.57,2.0,0.5,0.1,0.5,0.0,6.67,3,2016-01-29 09:03:15.855267674
1,0.91,-73.99252,40.7603,-73.99708,40.81897,5.05,1.0,0.5,0.83,0.5,0.0,7.88,3,2016-02-06 03:04:24.175554811
1,2.76,-73.81981,40.63117,-73.78363,40.63116,8.71,0.5,0.5,0.55,0.5,0.0,10.76,4,2016-03-05 13:48:55.230675736
1,0.46,-74.03007,40.77634,-73.9909,40.74566,3.87,0.0,0.5,0.45,0.5,0.3,5.63,3,2016-01-18 01:09:54.534371385
2,4.07,-73.80301,40.79427,-73.80551,40.76276,9.92,0.0,0.5,1.31,0.5,0.0,12.23,1,2016-01-16 11:38:29.070536710
1,4.13,-73.77192,40.64064,-73.72298,40.64094,10.4,0.0,0.5,0.21,0.5,0.0,11.61,2,2016-02-24 16:47:56.590985368
2,3.48,-73.78944,40.63468,-73.73856,40.58191,9.94,2.0,0.5,0.76,0.5,0.3,14.0,3,2016-01-31 14:04:25.836622764
2,0.45,-74.01795,40.62965,-74.00283,40.52935,3.88,2.0,0.5,0.3,0.5,0.0,7.19,5,2016-03-06 17:41:24.176544984
3,2.47,-73.99574,40.77543,-73.98357,40.74564,7.8,2.0,0.5,1.09,0.5,0.3,12.2,2,2016-01-26 12:21:28.640659695
1,0.29,-73.96583,40.68666,-73.94465,40.68421,3.51,1.0,0.5,0.65,0.5,0.0,6.16,4,2016-02-25 18:34:17.724141118
2,6.53,-73.91453,40.60684,-73.88514,40.58696,15.68,1.0,0.5,1.03,0.5,0.0,18.71,2,2016-02-19 14:05:04.297123406
1,1.64,-73.87078,40.59321,-73.84784,40.59965,5.55,2.0,0.5,0.76,0.5,0.0,9.31,1,2016-02-13 12:33:17.700536775
2,2.34,-73.97714,40.72478,-73.94817,40.71999,7.43,2.0,0.5,0.45,0.5,0.3,11.18,4,2016-03-29 02:29:15.336342353
1,1.3,-74.02868,40.55304,-74.05962,40.58396,5.25,2.0,0.5,0.35,0.5,0.0,8.6,4,2016-02-15 12:28:11.837897546
1,0.23,-74.02188,40.55541,-74.04424,40.61433,2.24,0.0,0.5,0.23,0.5,0.0,3.47,5,2016-03-07 21:18:42.214823865
1,0.56,-73.80728,40.64004,-73.75286,40.59451,3.65,0.0,0.5,0.72,0.5,0.3,5.67,2,2016-03-24 14:12:02.231070411
2,0.16,-73.80058,40.69422,-73.79966,40.71253,2.82,2.0,0.5,0.37,0.5,0.0,6.19,4,2016-02-05 07:42:58.529615591
2,0.25,-73.84184,40.56657,-73.87325,40.57357,2.46,0.0,0.5,0.25,0.5,0.0,3.7,1,2016-02-26 18:15:06.467846256
2,0.14,-73.94809,40.62375,-74.00898,40.62761,3.36,1.0,0.5,0.44,0.5,0.0,5.8,2,2016-03-07 20:43:23.953616855
3,0.17,-74.00312,40.68495,-73.94794,40.67491,2.72,0.5,0.5,0.35,0.5,0.0,4.57,5,2016-01-04 10:42:26.872160256
2,2.17,-74.03691,40.76337,-74.01051,40.6637,7.01,2.0,0.5,0.93,3.23,0.0,13.68,3,2016-02-14 10:50:58.435720795
2,0.1,-73.9745,40.7882,-73.93018,40.76802,3.3,0.5,0.5,0.42,0.5,0.0,5.22,1,2016-01-23 13:19:32.844551999
1,0.28,-73.80752,40.65009,-73.73134,40.62287,3.21,0.0,0.5,0.52,0.5,0.0,4.73,5,2016-03-08 23:16:34.998836420
2,0.64,-74.00023,40.7507,-73.95207,40.74105,4.54,1.0,0.5,0.52,0.5,0.0,7.05,4,2016-02-13 13:58:50.562493888
3,0.74,-73.98872,40.73604,-73.96338,40.76348,4.53,0.0,0.5,0.87,0.5,0.0,6.4,1,2016-03-09 18:48:43.298132329
3,0.32,-73.99929,40.78177,-73.98333,40.81517,2.3,0.0,0.5,0.25,0.5,0.0,3.55,2,2016-01-12 18:41:03.050456914
1,1.52,-73.76161,40.64659,-73.80661,40.6639,4.71,2.0,0.5,0.69,0.5,0.0,8.4,4,2016-01-26 16:40:09.992647595
1,0.8,-73.79314,40.63571,-73.84376,40.58132,4.19,2.0,0.5,0.1,0.5,0.0,7.29,1,2016-02-02 07:39:17.026734963
1,1.02,-73.90538,40.67811,-73.90663,40.63384,4.75,0.0,0.5,0.58,0.5,0.0,6.33,4,2016-03-13 12:57:36.259037565
1,1.08,-73.7888,40.6515,-73.81461,40.64936,4.45,1.0,0.5,0.7,0.5,0.0,7.15,5,2016-03-19 18:40:19.523614779
2,1.63,-73.94685,40.79788,-73.90092,40.81673,6.41,0.0,0.5,0.48,0.5,0.0,7.89,5,2016-02-08 15:46:57.739784834
1,1.82,-74.00963,40.74767,-74.02523,40.83936,6.35,0.0,0.5,0.49,0.5,0.3,8.14,2,2016-01-17 08:34:40.037223553
2,0.21,-73.87714,40.60662,-73.8942,40.56943,2.66,0.5,0.5,0.1,4.53,0.0,8.29,5,2016-01-10 10:34:33.001690646
1,0.11,-74.00483,40.78415,-74.01301,40.72388,2.4,0.0,0.5,0.4,0.5,0.0,3.8,2,2016-01-14 06:39:48.737612756
3,0.58,-73.82053,40.76464,-73.80303,40.72537,4.14,0.0,0.5,0.23,0.5,0.0,5.37,3,2016-03-07 13:27:04.127281019
3,0.89,-73.83956,40.65583,-73.80118,40.71424,4.78,1.0,0.5,0.1,0.5,0.0,6.88,3,2016-01-22 01:52:35.447641562
2,0.46,-73.76011,40.6399,-73.7,40.57935,3.38,1.0,0.5,0.58,3.65,0.0,9.1,5,2016-01-21 13:28:13.876973698
1,0.31,-73.84664,40.68136,-73.81736,40.70827,3.2,0.5,0.5,0.36,0.5,0.0,5.07,3,2016-03-28 10:04:52.258590673
3,4.9,-73.75886,40.65782,-73.80704,40.6978,12.61,1.0,0.5,2.01,3.13,0.3,19.55,1,2016-03-14 13:03:31.642932840
2,0.86,-74.02973,40.59399,-74.02278,40.62209,3.96,1.0,0.5,0.54,0.5,0.0,6.49,4,2016-01-20 16:10:41.260600029
1,0.1,-73.96837,40.74927,-73.98474,40.73434,2.87,2.0,0.5,0.19,2.25,0.0,7.81,4,2016-01-12 06:38:43.561066329
2,0.58,-73.93786,40.79221,-73.93173,40.78382,3.53,0.0,0.5,0.69,0.5,0.0,5.22,4,2016-01-15 18:40:12.186109090
2,1.9,-73.98719,40.64126,-73.97557,40.64777,6.21,0.0,0.5,1.0,0.5,0.0,8.21,2,2016-03-07 13:04:01.669441052
1,1.27,-74.00973,40.72749,-74.05453,40.67221,4.69,0.0,0.5,0.51,0.5,0.0,6.21,1,2016-02-24 04:26:36.537329352
2,0.78,-73.97873,40.74212,-73.95383,40.751,3.82,0.0,0.5,0.46,0.5,0.0,5.28,4,2016-02-05 14:13:36.835516215
1,0.6,-73.99207,40.61835,-74.0114,40.63668,3.89,0.0,0.5,0.1,0.5,0.0,4.99,5,2016-01-03 22:47:50.465240113
2,2.11,-73.9881,40.60028,-73.99544,40.67557,5.9,0.0,0.5,1.1,0.5,0.0,8.0,5,2016-01-27 10:32:54.753357028
3,2.28,-73.98669,40.77266,-74.06386,40.73218,6.74,0.0,0.5,0.36,0.5,0.0,8.09,3,2016-03-05 09:09:05.787369788
1,0.84,-73.76092,40.63276,-73.7426,40.62927,3.17,0.5,0.5,0.21,0.5,0.0,4.88,4,2016-01-13 11:57:13.204809102
3,0.19,-74.00012,40.78866,-74.01304,40.8293,2.78,1.0,0.5,0.55,0.5,0.0,5.32,2,2016-02-18 15:07:23.287554490
1,0.75,-73.99126,40.76109,-73.95366,40.8259,4.08,0.5,0.5,0.77,0.5,0.0,6.36,1,2016-02-04 22:46:24.792486209
3,4.37,-73.98961,40.76569,-74.00572,40.84356,10.86,2.0,0.5,1.02,0.5,0.0,14.88,5,2016-01-31 22:48:50.142581375
1,0.34,-73.76655,40.64121,-73.73627,40.65315,3.06,2.0,0.5,0.1,0.5,0.0,6.16,1,2016-02-02 13:32:38.187102959
3,1.63,-73.9974,40.74412,-74.02319,40.72182,5.92,1.0,0.5,0.12,0.5,0.0,8.04,1,2016-03-26 11:38:04.424923251
1,0.1,-73.9706,40.63249,-73.96271,40.52685,2.38,1.0,0.5,0.39,0.5,0.0,4.78,5,2016-02-18 12:52:47.954219195
1,3.93,-74.00779,40.76903,-74.00064,40.83792,10.39,2.0,0.5,0.81,0.5,0.3,14.5,2,2016-02-27 16:04:28.150924292
1,2.56,-73.96599,40.78821,-73.95088,40.81358,7.89,2.0,0.5,0.16,2.18,0.0,12.73,2,2016-03-06 16:14:31.750792065
2,5.62,-74.02003,40.66558,-74.00498,40.66458,13.95,1.0,0.5,0.28,0.5,0.0,16.23,3,2016-03-20 22:18:34.516959046
1,0.57,-73.95951,40.68449,-74.00049,40.70181,3.31,2.0,0.5,0.1,0.5,0.0,6.41,5,2016-03-14 12:08:57.804201369
3,0.24,-73.76903,40.65449,-73.7317,40.62938,3.13,0.5,0.5,0.2,0.5,0.0,4.83,3,2016-02-12 18:00:49.995865017
3,0.88,-73.80049,40.65691,-73.76975,40.60299,3.88,0.5,0.5,0.24,0.5,0.0,5.62,4,2016-02-04 00:48:48.998561755
3,5.52,-73.8301,40.63055,-73.74828,40.65357,13.57,0.0,0.5,0.99,0.5,0.3,15.85,2,2016-02-10 09:11:51.513415931
2,1.54,-74.00647,40.77721,-73.9221,40.79923,5.64,0.0,0.5,0.11,0.5,0.0,6.75,4,2016-01-30 04:02:54.260783890
1,0.82,-74.00653,40.74775,-74.01205,40.77598,4.65,0.5,0.5,0.1,0.5,0.0,6.25,5,2016-01-06 19:34:33.946238683
1,0.25,-73.99617,40.79117,-73.96095,40.81888,3.03,0.5,0.5,0.1,0.5,0.3,4.93,4,2016-02-25 14:33:19.748635269
2,3.89,-73.8187,40.7371,-73.81001,40.67456,9.59,0.0,0.5,1.83,0.5,0.0,12.42,3,2016-01-17 09:25:56.399727672
3,0.1,-74.03902,40.57741,-73.96981,40.59382,3.14,1.0,0.5,0.18,3.13,0.0,7.95,1,2016-01-16 17:12:35.955021442
3,2.95,-73.9776,40.70994,-73.95059,40.70923,8.44,2.0,0.5,1.05,0.5,0.3,12.79,2,2016-01-21 06:33:45.450886062
2,2.5,-73.98885,40.59861,-74.03105,40.60441,7.83,1.0,0.5,1.28,0.5,0.0,11.11,1,2016-03-06 06:38:44.137141828
1,0.43,-74.00172,40.73501,-73.95691,40.74673,3.99,2.0,0.5,0.34,0.5,0.3,7.64,2,2016-01-22 12:59:15.230309131
1,0.11,-74.0223,40.58492,-74.02406,40.62244,2.72,0.5,0.5,0.24,0.5,0.0,4.46,3,2016-03-03 04:50:34.204464992
1,3.27,-73.97142,40.76594,-73.97966,40.78365,8.53,0.0,0.5,1.53,0.5,0.0,11.06,4,2016-02-12 10:39:03.267865305
1,6.42,-73.7556,40.64725,-73.7609,40.71803,15.67,0.0,0.5,0.82,0.5,0.3,17.8,3,2016-03-01 19:08:59.274083116
1,0.46,-73.97835,40.79472,-74.03211,40.75476,3.91,1.0,0.5,0.1,0.5,0.0,6.01,2,2016-02-16 03:22:54.268378675
2,0.1,-73.98617,40.74957,-74.02085,40.72594,2.66,0.5,0.5,0.1,0.5,0.0,4.26,2,2016-03-21 10:38:23.818600957
1,0.1,-73.96332,40.72725,-73.99071,40.70052,3.08,1.0,0.5,0.1,3.1,0.3,8.08,3,2016-02-09 16:24:18.947865875
2,1.68,-73.80443,40.64585,-73.78711,40.62537,5.39,1.0,0.5,0.11,0.5,0.3,7.8,4,2016-03-03 15:47:05.598995216
1,0.24,-74.03309,40.73673,-74.06537,40.71951,3.2,0.0,0.5,0.59,0.5,0.0,4.78,5,2016-01-01 11:02:44.420575087
2,6.64,-74.00221,40.75065,-73.94101,40.72658,15.42,0.0,0.5,1.21,0.5,0.0,17.64,1,2016-02-22 07:13:08.090864790
1,1.9,-73.88555,40.58725,-73.92867,40.49172,6.65,1.0,0.5,1.18,0.5,0.0,9.83,5,2016-01-27 09:59:22.545930678
1,0.29,-73.80725,40.63769,-73.80487,40.61058,3.43,2.0,0.5,0.1,0.5,0.0,6.53,1,2016-02-15 17:43:26.001774234
3,1.53,-74.00956,40.78786,-73.9557,40.82449,5.58,2.0,0.5,0.11,0.5,0.3,8.99,3,2016-03-03 04:09:10.541743749
3,1.74,-73.82965,40.72568,-73.8225,40.70004,5.4,0.0,0.5,0.84,0.5,0.0,7.24,2,2016-03-18 16:03:18.145976153
1,0.9,-73.98795,40.77176,-74.03385,40.73019,3.78,0.5,0.5,0.66,0.5,0.0,5.95,1,2016-02-05 05:33:59.190747034
3,2.05,-73.80502,40.64015,-73.79307,40.66627,6.17,0.0,0.5,0.36,0.5,0.0,7.53,5,2016-01-29 13:42:02.118012460
3,0.11,-73.76845,40.63772,-73.76491,40.6162,2.14,0.0,0.5,0.25,0.5,0.0,3.39,1,2016-03-21 17:51:42.896791914
2,0.39,-74.008,40.75757,-74.06393,40.77721,2.91,2.0,0.5,0.1,0.5,0.0,6.01,2,2016-03-29 14:51:38.444719790
3,4.97,-73.91491,40.57331,-73.99534,40.54536,12.57,0.0,0.5,1.08,2.41,0.0,16.57,4,2016-03-28 09:15:33.504746337
1,5.44,-74.01167,40.64521,-73.99951,40.59213,13.93,2.0,0.5,1.81,0.5,0.0,18.74,3,2016-01-30 12:58:06.872908855
3,0.1,-73.9725,40.62823,-73.86431,40.67948,3.04,0.0,0.5,0.21,0.5,0.0,4.25,3,2016-01-08 18:13:49.990000669
3,0.5,-73.96512,40.77211,-73.99805,40.82053,3.15,2.0,0.5,0.1,0.5,0.0,6.25,1,2016-03-07 07:52:11.959181868
3,1.39,-73.80675,40.65662,-73.82111,40.70982,5.16,0.5,0.5,0.7,0.5,0.0,7.36,5,2016-02-26 23:22:04.813807186
2,0.1,-73.99382,40.57139,-74.02689,40.60392,2.8,0.0,0.5,0.28,0.5,0.0,4.08,3,2016-01-28 14:14:12.039854813
3,2.37,-73.98978,40.79188,-73.94467,40.83895,7.39,0.5,0.5,1.44,0.5,0.0,10.32,3,2016-02-16 16:09:59.033626654
2,0.16,-73.98626,40.59419,-74.0347,40.58163,2.54,0.5,0.5,0.42,0.5,0.0,4.46,2,2016-03-17 11:19:51.627550552
1,3.96,-73.81215,40.57171,-73.8497,40.65609,10.05,2.0,0.5,1.69,0.5,0.0,14.74,4,2016-03-23 14:32:07.204005276
2,2.8,-73.98383,40.55253,-73.909,40.6251,7.83,0.5,0.5,0.59,0.5,0.3,10.22,1,2016-02-11 23:42:25.760965835
1,0.8,-73.8144,40.63428,-73.79832,40.59701,3.86,2.0,0.5,0.28,0.5,0.0,7.14,3,2016-03-15 18:34:34.350082623
2,0.1,-73.76684,40.6502,-73.76115,40.5934,2.22,0.0,0.5,0.19,0.5,0.0,3.4,3,2016-03-18 13:15:14.005116566
1,0.48,-73.80328,40.60003,-73.81684,40.58257,3.35,0.0,0.5,0.65,0.5,0.0,5.0,5,2016-03-05 03:01:18.237136967
3,4.5,-73.77599,40.63431,-73.82461,40.63393,11.79,2.0,0.5,0.24,0.5,0.0,15.02,5,2016-03-16 16:39:07.540718491
3,0.53,-73.87722,40.57126,-73.86321,40.545,3.93,0.5,0.5,0.65,0.5,0.0,6.08,2,2016-03-02 17:07:09.057741227
2,0.15,-73.75659,40.64631,-73.76468,40.6879,3.19,0.0,0.5,0.2,0.5,0.0,4.39,1,2016-02-23 17:59:04.515672283
3,2.79,-73.82824,40.7656,-73.88676,40.79186,8.69,0.0,0.5,0.71,4.58,0.0,14.48,1,2016-01-07 18:58:08.253745029
2,0.14,-73.75022,40.65619,-73.77297,40.66466,3.47,0.0,0.5,0.5,2.72,0.0,7.2,4,2016-03-14 17:44:48.991199566
2,2.57,-73.7783,40.64773,-73.73484,40.67711,7.47,2.0,0.5,1.37,0.5,0.0,11.83,3,2016-01-31 11:35:39.143788063
1,0.54,-73.97377,40.79171,-74.01961,40.69738,3.66,2.0,0.5,0.19,0.5,0.0,6.86,1,2016-03-13 18:32:52.583191369
1,0.54,-73.81453,40.65123,-73.8178,40.63462,3.52,0.0,0.5,0.32,0.5,0.3,5.14,5,2016-01-03 11:08:40.131297776
2,2.61,-73.91977,40.60967,-73.95668,40.5943,7.32,0.0,0.5,0.15,0.5,0.0,8.47,2,2016-01-16 11:21:18.806932840
2,9.45,-73.97406,40.77924,-74.01782,40.77878,22.23,2.0,0.5,0.44,0.5,0.0,25.67,4,2016-03-11 08:13:27.578248085
3,0.25,-73.79485,40.64903,-73.94638,40.61562,3.91,2.0,0.5,0.48,0.5,0.0,7.39,1,2016-01-21 17:41:53.632784472
2,3.32,-73.98555,40.63148,-74.02397,40.63231,8.88,2.0,0.5,0.18,0.5,0.0,12.05,5,2016-01-18 20:34:14.548137152
2,0.21,-73.97623,40.76721,-73.98233,40.75245,3.34,2.0,0.5,0.39,0.5,0.3,7.02,4,2016-02-18 20:57:41.890141635
2,1.47,-73.76064,40.63274,-73.7713,40.65183,5.16,0.0,0.5,0.44,0.5,0.0,6.59,5,2016-03-27 09:43:35.023842197
2,1.14,-74.04084,40.63156,-74.05632,40.57282,5.43,0.0,0.5,0.11,0.5,0.0,6.54,3,2016-01-05 11:47:05.168270201
2,1.59,-74.03248,40.5791,-74.00477,40.64731,6.11,0.5,0.5,0.54,0.5,0.0,8.15,2,2016-02-06 16:10:06.292755556
2,0.13,-73.85318,40.586,-73.89279,40.63477,2.91,0.0,0.5,0.29,0.5,0.0,4.2,3,2016-03-10 13:28:28.309170337
1,1.9,-73.95803,40.6516,-73.99329,40.62577,6.21,1.0,0.5,0.12,0.5,0.0,8.33,5,2016-02-29 14:53:55.892618572
